{"stat.walkOneCm":12348,"stat.drop.dynamictrees.oakseed":8,"stat.pickup.minecraft.stick":1,"stat.leaveGame":8,"stat.damageTaken":270,"stat.pickup.dynamictrees.oakseed":8,"stat.pickup.minecraft.reeds":12,"stat.pickup.minecraft.log":11,"stat.flyOneCm":33137,"stat.deaths":1,"stat.drop":1,"stat.jump":177,"stat.swimOneCm":1208,"stat.playOneMinute":9596,"stat.fallOneCm":5282,"stat.sneakTime":479,"stat.crouchOneCm":1158,"stat.timeSinceDeath":7681,"stat.pickup.minecraft.dirt":1,"stat.sprintOneCm":17792,"stat.mineBlock.minecraft.dirt":1,"stat.useItem.minecraft.stone_slab2":1,"stat.diveOneCm":1838}