{"stats":{"minecraft:crafted":{"minecraft:wooden_pickaxe":1,"minecraft:stone_axe":1,"minecraft:bread":26,"minecraft:air":53,"minecraft:stick":8,"minecraft:stone_pickaxe":1,"minecraft:torch":8,"minecraft:wheat":72},"minecraft:used":{"minecraft:stone_pickaxe":14,"minecraft:wooden_pickaxe":14,"create:cuckoo_clock":2,"minecraft:torch":4,"minecraft:crafting_table":2,"minecraft:crossbow":1,"supplementaries:item_shelf":1,"minecraft:glass":19,"minecraft:bread":15,"minecraft:cyan_bed":1,"minecraft:iron_pickaxe":10,"supplementaries:clock_block":1,"minecraft:spruce_trapdoor":1,"minecraft:stone_axe":2,"minecraft:cobblestone":2,"minecraft:written_book":1,"quark:spruce_ladder":2,"epicfight:uchigatana":58},"minecraft:custom":{"minecraft:mob_kills":3,"minecraft:interact_with_crafting_table":4,"minecraft:open_barrel":14,"minecraft:interact_with_loom":1,"minecraft:leave_game":2,"minecraft:time_since_death":3263,"minecraft:sleep_in_bed":1,"minecraft:climb_one_cm":12171,"minecraft:time_since_rest":3400,"minecraft:sprint_one_cm":139750,"minecraft:damage_taken":885,"minecraft:walk_one_cm":207167,"minecraft:drop":6,"minecraft:damage_dealt":541,"minecraft:swim_one_cm":5806,"minecraft:fly_one_cm":123231,"minecraft:open_chest":14,"minecraft:crouch_one_cm":11066,"minecraft:play_time":44689,"minecraft:deaths":1,"minecraft:sneak_time":3216,"minecraft:walk_under_water_one_cm":478,"minecraft:jump":563,"minecraft:walk_on_water_one_cm":8555,"minecraft:total_world_time":44689,"minecraft:fall_one_cm":12532},"minecraft:mined":{"minecraft:smithing_table":1,"minecraft:crafting_table":2,"minecraft:spruce_trapdoor":1,"supplementaries:item_shelf":1,"minecraft:tall_grass":2,"minecraft:cyan_bed":2,"create:cuckoo_clock":2,"minecraft:spawner":1,"minecraft:hay_block":8,"create:gearbox":1,"supplementaries:bamboo_spikes":8,"quark:spruce_ladder":2,"minecraft:wheat":33,"quark:stick_block":1,"create:mechanical_drill":1,"minecraft:coal_ore":10,"minecraft:oak_log":4,"minecraft:stone":17,"minecraft:spruce_slab":1,"supplementaries:clock_block":1},"minecraft:killed_by":{"quark:forgotten":1},"minecraft:killed":{"quark:wraith":3},"minecraft:dropped":{"minecraft:wheat_seeds":72,"supplementaries:antique_ink":1,"quark:stick_block":1,"minecraft:stone_pickaxe":1},"minecraft:picked_up":{"minecraft:crafting_table":2,"minecraft:wheat":28,"minecraft:smithing_table":1,"quark:spruce_ladder":2,"supplementaries:item_shelf":1,"paraglider:spirit_orb":2,"minecraft:oak_log":4,"quark:light_gray_framed_glass_pane":2,"bloodandmadness:blood_vial":1,"minecraft:wheat_seeds":77,"create:mechanical_drill":1,"quark:soul_bead":4,"minecraft:written_book":1,"minecraft:iron_pickaxe":1,"minecraft:spruce_slab":1,"supplementaries:rope":1,"minecraft:spruce_trapdoor":1,"quark:stick_block":1,"create:cuckoo_clock":2,"supplementaries:bamboo_spikes_tipped":2,"supplementaries:key":1,"minecraft:cyan_bed":2,"supplementaries:clock_block":1,"supplementaries:bamboo_spikes":5,"minecraft:hay_block":8,"supplementaries:antique_ink":1,"minecraft:coal":10,"minecraft:cobblestone":17}},"DataVersion":2975}