{"stats":{"minecraft:crafted":{"minecraft:stick":8,"minecraft:wooden_pickaxe":1,"minecraft:stone_pickaxe":1,"minecraft:torch":8,"minecraft:stone_axe":1,"minecraft:air":53,"minecraft:bread":26,"minecraft:wheat":72},"minecraft:used":{"minecraft:glass":19,"minecraft:cyan_bed":1,"minecraft:stone_pickaxe":14,"minecraft:bread":14,"minecraft:iron_pickaxe":4,"supplementaries:clock_block":1,"minecraft:wooden_pickaxe":14,"create:cuckoo_clock":2,"minecraft:spruce_trapdoor":1,"minecraft:stone_axe":2,"minecraft:torch":4,"minecraft:cobblestone":2,"minecraft:crafting_table":2,"quark:spruce_ladder":2,"minecraft:crossbow":1,"epicfight:uchigatana":56,"supplementaries:item_shelf":1},"minecraft:custom":{"minecraft:time_since_rest":2705,"minecraft:sprint_one_cm":105113,"minecraft:damage_taken":620,"minecraft:walk_one_cm":172663,"minecraft:mob_kills":3,"minecraft:drop":5,"minecraft:damage_dealt":520,"minecraft:swim_one_cm":1951,"minecraft:interact_with_crafting_table":4,"minecraft:fly_one_cm":101973,"minecraft:open_barrel":9,"minecraft:open_chest":14,"minecraft:interact_with_loom":1,"minecraft:crouch_one_cm":9348,"minecraft:play_time":36438,"minecraft:sneak_time":2390,"minecraft:walk_under_water_one_cm":217,"minecraft:jump":474,"minecraft:sleep_in_bed":1,"minecraft:leave_game":1,"minecraft:time_since_death":36438,"minecraft:total_world_time":36438,"minecraft:walk_on_water_one_cm":6764,"minecraft:climb_one_cm":11197,"minecraft:fall_one_cm":9369},"minecraft:mined":{"minecraft:smithing_table":1,"minecraft:hay_block":8,"minecraft:wheat":33,"quark:spruce_ladder":2,"minecraft:crafting_table":2,"minecraft:spruce_trapdoor":1,"minecraft:oak_log":4,"minecraft:coal_ore":10,"supplementaries:item_shelf":1,"supplementaries:clock_block":1,"minecraft:tall_grass":2,"minecraft:cyan_bed":2,"minecraft:stone":17,"minecraft:spruce_slab":1,"create:cuckoo_clock":2,"minecraft:spawner":1},"minecraft:killed":{"quark:wraith":3},"minecraft:dropped":{"minecraft:wheat_seeds":72,"minecraft:stone_pickaxe":1,"supplementaries:antique_ink":1},"minecraft:picked_up":{"minecraft:crafting_table":2,"minecraft:wheat":28,"create:cuckoo_clock":2,"minecraft:smithing_table":1,"quark:spruce_ladder":2,"paraglider:spirit_orb":2,"supplementaries:item_shelf":1,"minecraft:oak_log":4,"minecraft:cyan_bed":2,"quark:light_gray_framed_glass_pane":2,"supplementaries:clock_block":1,"bloodandmadness:blood_vial":1,"minecraft:wheat_seeds":77,"supplementaries:antique_ink":1,"minecraft:hay_block":8,"quark:soul_bead":4,"minecraft:iron_pickaxe":1,"minecraft:spruce_slab":1,"supplementaries:rope":1,"minecraft:coal":10,"minecraft:spruce_trapdoor":1,"minecraft:cobblestone":17}},"DataVersion":2975}