{"stats":{"minecraft:picked_up":{"minecraft:crafting_table":2,"minecraft:wheat":28,"minecraft:smithing_table":1,"quark:spruce_ladder":2,"supplementaries:item_shelf":1,"paraglider:spirit_orb":2,"minecraft:oak_log":4,"quark:light_gray_framed_glass_pane":2,"bloodandmadness:blood_vial":1,"minecraft:wheat_seeds":77,"supplementaries:antique_ink":1,"minecraft:hay_block":8,"supplementaries:rope":1,"minecraft:iron_pickaxe":1,"quark:soul_bead":4,"minecraft:spruce_slab":1,"minecraft:coal":10,"minecraft:spruce_trapdoor":1,"minecraft:cobblestone":17},"minecraft:dropped":{"minecraft:wheat_seeds":72,"minecraft:stone_pickaxe":1,"supplementaries:antique_ink":1},"minecraft:crafted":{"minecraft:stick":8,"minecraft:wooden_pickaxe":1,"minecraft:stone_pickaxe":1,"minecraft:torch":8,"minecraft:stone_axe":1,"minecraft:bread":26,"minecraft:air":17,"minecraft:wheat":72},"minecraft:used":{"minecraft:glass":17,"minecraft:bread":14,"minecraft:stone_pickaxe":14,"minecraft:iron_pickaxe":1,"minecraft:wooden_pickaxe":14,"minecraft:spruce_trapdoor":1,"minecraft:stone_axe":2,"minecraft:torch":4,"minecraft:crafting_table":2,"quark:spruce_ladder":2,"minecraft:crossbow":1,"supplementaries:item_shelf":1,"epicfight:uchigatana":56},"minecraft:custom":{"minecraft:time_since_rest":31026,"minecraft:sprint_one_cm":97261,"minecraft:damage_taken":620,"minecraft:walk_one_cm":134662,"minecraft:mob_kills":3,"minecraft:drop":5,"minecraft:damage_dealt":520,"minecraft:swim_one_cm":1951,"minecraft:interact_with_crafting_table":4,"minecraft:fly_one_cm":101171,"minecraft:open_barrel":7,"minecraft:open_chest":13,"minecraft:crouch_one_cm":6316,"minecraft:play_time":31026,"minecraft:sneak_time":1926,"minecraft:walk_under_water_one_cm":217,"minecraft:jump":449,"minecraft:leave_game":1,"minecraft:walk_on_water_one_cm":6764,"minecraft:time_since_death":31026,"minecraft:climb_one_cm":10217,"minecraft:total_world_time":31026,"minecraft:fall_one_cm":9369},"minecraft:mined":{"minecraft:smithing_table":1,"minecraft:hay_block":8,"minecraft:wheat":33,"quark:spruce_ladder":2,"minecraft:crafting_table":2,"minecraft:spruce_trapdoor":1,"minecraft:coal_ore":10,"minecraft:oak_log":4,"supplementaries:item_shelf":1,"minecraft:tall_grass":2,"minecraft:stone":17,"minecraft:spruce_slab":1,"minecraft:spawner":1},"minecraft:killed":{"quark:wraith":3}},"DataVersion":2975}