{"stats":{"minecraft:picked_up":{"minecraft:crafting_table":2,"minecraft:wheat":28,"quark:spruce_ladder":1,"minecraft:oak_log":4,"minecraft:wheat_seeds":71,"minecraft:hay_block":8,"minecraft:spruce_trapdoor":1,"minecraft:cobblestone":14},"minecraft:dropped":{"minecraft:wheat_seeds":1},"minecraft:crafted":{"minecraft:stick":8,"minecraft:wooden_pickaxe":1,"minecraft:stone_pickaxe":1,"minecraft:torch":4,"minecraft:stone_axe":1,"minecraft:bread":26,"minecraft:air":17,"minecraft:wheat":72},"minecraft:used":{"minecraft:bread":5,"minecraft:wooden_pickaxe":14,"minecraft:spruce_trapdoor":1,"minecraft:stone_axe":1,"minecraft:torch":1,"minecraft:crafting_table":2,"quark:spruce_ladder":1,"minecraft:crossbow":1,"epicfight:uchigatana":42},"minecraft:mined":{"minecraft:hay_block":8,"minecraft:wheat":33,"quark:spruce_ladder":1,"minecraft:crafting_table":2,"minecraft:spruce_trapdoor":1,"minecraft:oak_log":4,"minecraft:tall_grass":1,"minecraft:stone":14},"minecraft:custom":{"minecraft:time_since_rest":16270,"minecraft:sprint_one_cm":57405,"minecraft:damage_taken":180,"minecraft:walk_one_cm":80328,"minecraft:drop":1,"minecraft:damage_dealt":70,"minecraft:interact_with_crafting_table":4,"minecraft:fly_one_cm":56231,"minecraft:open_barrel":4,"minecraft:open_chest":7,"minecraft:crouch_one_cm":1365,"minecraft:play_time":16270,"minecraft:sneak_time":514,"minecraft:jump":228,"minecraft:time_since_death":16270,"minecraft:climb_one_cm":5046,"minecraft:total_world_time":16270,"minecraft:fall_one_cm":5202}},"DataVersion":2975}