{"stats":{"minecraft:crafted":{"minecraft:wooden_pickaxe":1,"minecraft:stone_axe":1,"minecraft:bread":41,"minecraft:air":53,"minecraft:shield":1,"minecraft:stick":8,"minecraft:iron_ingot":4,"minecraft:stone_pickaxe":1,"minecraft:torch":8,"minecraft:wheat":72},"minecraft:used":{"minecraft:stone_pickaxe":14,"minecraft:spruce_planks":9,"minecraft:wooden_pickaxe":14,"create:cuckoo_clock":2,"minecraft:torch":4,"minecraft:crafting_table":3,"minecraft:crossbow":2,"supplementaries:item_shelf":1,"minecraft:glass":19,"create:crafting_blueprint":1,"minecraft:iron_axe":1,"minecraft:cyan_bed":1,"minecraft:bread":24,"minecraft:iron_pickaxe":10,"supplementaries:clock_block":1,"minecraft:spruce_trapdoor":1,"create:brown_toolbox":1,"supplementaries:candy":1,"minecraft:stone_axe":2,"minecraft:cobblestone":2,"minecraft:written_book":1,"quark:spruce_ladder":2,"alexsmobs:animal_dictionary":1,"epicfight:uchigatana":79,"minecraft:experience_bottle":3},"minecraft:custom":{"minecraft:interact_with_furnace":4,"minecraft:mob_kills":6,"minecraft:interact_with_crafting_table":6,"minecraft:open_barrel":14,"minecraft:interact_with_loom":1,"minecraft:leave_game":3,"minecraft:time_since_death":21309,"minecraft:sleep_in_bed":1,"minecraft:climb_one_cm":20849,"minecraft:time_since_rest":21446,"minecraft:sprint_one_cm":223423,"minecraft:damage_taken":1165,"minecraft:walk_one_cm":265099,"minecraft:drop":16,"minecraft:damage_dealt":1240,"minecraft:swim_one_cm":23522,"minecraft:fly_one_cm":261740,"minecraft:open_chest":17,"minecraft:crouch_one_cm":12511,"minecraft:play_time":62735,"minecraft:deaths":1,"minecraft:sneak_time":4271,"minecraft:walk_under_water_one_cm":1176,"minecraft:jump":904,"minecraft:interact_with_blast_furnace":1,"minecraft:walk_on_water_one_cm":18000,"minecraft:total_world_time":62735,"minecraft:fall_one_cm":22184},"minecraft:mined":{"minecraft:smithing_table":1,"minecraft:crafting_table":3,"minecraft:spruce_trapdoor":1,"supplementaries:item_shelf":1,"minecraft:tall_grass":3,"minecraft:cyan_bed":2,"create:cuckoo_clock":2,"minecraft:spawner":1,"minecraft:hay_block":8,"create:gearbox":1,"supplementaries:bamboo_spikes":8,"quark:spruce_ladder":2,"minecraft:wheat":33,"quark:stick_block":1,"create:mechanical_drill":1,"minecraft:oak_log":4,"minecraft:coal_ore":10,"minecraft:stone":17,"minecraft:spruce_slab":1,"supplementaries:clock_block":1},"minecraft:killed_by":{"quark:forgotten":1},"minecraft:killed":{"minecraft:skeleton":1,"iceandfire:ghost":2,"quark:wraith":3},"minecraft:dropped":{"supplementaries:key":3,"minecraft:wheat_seeds":72,"supplementaries:bamboo_spikes":5,"iceandfire:ectoplasm":2,"supplementaries:bamboo_spikes_tipped":2,"supplementaries:antique_ink":1,"quark:stick_block":1,"minecraft:stone_pickaxe":1,"create:mechanical_drill":1,"minecraft:bone":2},"minecraft:picked_up":{"minecraft:crafting_table":3,"minecraft:wheat":28,"supplementaries:candy":1,"minecraft:smithing_table":1,"quark:spruce_ladder":2,"supplementaries:item_shelf":1,"paraglider:spirit_orb":2,"minecraft:oak_log":4,"iceandfire:ectoplasm":2,"quark:light_gray_framed_glass_pane":2,"minecraft:bone":2,"bloodandmadness:blood_vial":1,"minecraft:wheat_seeds":77,"create:mechanical_drill":1,"quark:soul_bead":4,"minecraft:written_book":1,"minecraft:iron_pickaxe":1,"minecraft:spruce_slab":1,"supplementaries:rope":1,"minecraft:spruce_trapdoor":1,"quark:stick_block":1,"create:cuckoo_clock":2,"supplementaries:bamboo_spikes_tipped":2,"supplementaries:key":3,"minecraft:cyan_bed":2,"supplementaries:clock_block":1,"minecraft:arrow":1,"supplementaries:bamboo_spikes":5,"supplementaries:antique_ink":1,"minecraft:hay_block":8,"create:crafting_blueprint":1,"minecraft:coal":10,"minecraft:cobblestone":17}},"DataVersion":2975}