{"stat.chestOpened":6,"stat.walkOneCm":33432,"stat.pickup.minecraft.stick":3,"stat.drop.minecraft.wooden_pickaxe":1,"stat.leaveGame":8,"stat.pickup.minecraft.crafting_table":1,"stat.craftItem.minecraft.crafting_table":1,"stat.furnaceInteraction":3,"stat.mineBlock.minecraft.coal_ore":5,"stat.pickup.minecraft.log":18,"stat.jump":520,"stat.swimOneCm":4028,"stat.pickup.minecraft.coal":9,"stat.fallOneCm":15081,"stat.pickup.minecraft.furnace":1,"stat.useItem.minecraft.cooked_mutton":3,"stat.useItem.tombstone.gift":1,"stat.useItem.minecraft.stone_axe":5,"stat.craftItem.minecraft.stone_slab2":0,"stat.crouchOneCm":1807,"stat.entityKilledBy.icedragon":1,"stat.pickup.minecraft.dirt":10,"stat.useItem.minecraft.dirt":2,"stat.sprintOneCm":75233,"stat.useItem.minecraft.stone_slab2":10,"stat.craftItem.minecraft.stick":8,"stat.useItem.minecraft.cooked_chicken":1,"stat.craftingTableInteraction":3,"stat.craftItem.minecraft.furnace":1,"stat.drop.dynamictrees.oakseed":11,"stat.craftItem.minecraft.planks":44,"stat.killEntity.Chicken":1,"stat.craftItem.minecraft.stone_axe":1,"stat.damageTaken":630,"stat.mineBlock.minecraft.crafting_table":1,"stat.craftItem.minecraft.stone_pickaxe":1,"stat.mineBlock.minecraft.furnace":1,"stat.useItem.minecraft.wooden_pickaxe":6,"stat.mobKills":3,"stat.pickup.minecraft.cobblestone":16,"stat.pickup.dynamictrees.oakseed":11,"stat.craftItem.minecraft.cooked_chicken":1,"stat.pickup.minecraft.reeds":12,"stat.flyOneCm":100415,"stat.deaths":2,"stat.drop":3,"stat.playOneMinute":22196,"stat.useItem.minecraft.stone_pickaxe":16,"stat.killEntity.Sheep":2,"stat.sneakTime":956,"stat.damageDealt":200,"stat.timeSinceDeath":4090,"stat.mineBlock.minecraft.dirt":10,"stat.craftItem.minecraft.wooden_pickaxe":1,"stat.mineBlock.minecraft.stone":15,"stat.craftItem.minecraft.cooked_mutton":1,"stat.diveOneCm":4111}