{"stats":{"minecraft:picked_up":{"minecraft:birch_log":5,"minecraft:crafting_table":4,"minecraft:andesite":15,"minecraft:salmon":4,"minecraft:leather":1,"minecraft:wooden_pickaxe":1,"minecraft:amethyst_block":1,"minecraft:dirt":10,"untamedwilds:material_fat":1,"minecraft:gold_nugget":1,"minecraft:spruce_planks":2,"minecraft:stone_pickaxe":1,"minecraft:calcite":2,"minecraft:iron_nugget":1,"minecraft:birch_sapling":3,"minecraft:furnace":1,"minecraft:stick":5,"minecraft:smooth_basalt":2,"apotheosis:gem":1,"minecraft:torch":7,"minecraft:gravel":5,"minecraft:spruce_sapling":10,"minecraft:spruce_log":34,"minecraft:arrow":11,"create:asurine":6,"minecraft:glow_berries":1,"minecraft:mutton":1,"minecraft:coal":1,"minecraft:cod":1,"minecraft:white_wool":1,"minecraft:cobblestone":78},"minecraft:killed":{"minecraft:salmon":4,"untamedwilds:boar":1,"minecraft:cod":1,"minecraft:sheep":1,"goblinsanddungeons:garch":4,"simple_mobs:gob":5,"simple_mobs:goblo":1},"minecraft:mined":{"minecraft:spruce_planks":2,"minecraft:crafting_table":4,"minecraft:torch":8,"minecraft:grass_block":6,"minecraft:calcite":2,"minecraft:spruce_leaves":2,"minecraft:amethyst_block":1,"minecraft:furnace":1,"minecraft:spruce_log":5,"minecraft:birch_leaves":3,"minecraft:andesite":15,"treechop:chopped_log":3,"create:asurine":6,"minecraft:cave_vines":1,"minecraft:coal_ore":1,"minecraft:dirt":4,"minecraft:gravel":5,"minecraft:smooth_basalt":2,"minecraft:stone":80,"minecraft:oak_leaves":1},"minecraft:custom":{"minecraft:interact_with_furnace":1,"lootr:looted_stat":3,"minecraft:mob_kills":16,"minecraft:interact_with_crafting_table":7,"minecraft:time_since_death":11945,"minecraft:time_since_rest":12072,"champions:champion_mobs_killed":10,"minecraft:sprint_one_cm":95077,"minecraft:damage_taken":1234,"minecraft:walk_one_cm":106368,"minecraft:drop":9,"minecraft:damage_dealt":1974,"minecraft:fly_one_cm":123572,"minecraft:damage_dealt_absorbed":222,"minecraft:swim_one_cm":32541,"minecraft:player_kills":1,"minecraft:open_chest":4,"minecraft:crouch_one_cm":19970,"minecraft:play_time":35226,"minecraft:deaths":3,"minecraft:sneak_time":3736,"minecraft:walk_under_water_one_cm":8123,"minecraft:jump":1051,"minecraft:walk_on_water_one_cm":12125,"minecraft:total_world_time":35226,"minecraft:fall_one_cm":18742},"minecraft:killed_by":{"minecraft:zombie":1,"alexsmobs:cachalot_whale":1},"minecraft:crafted":{"minecraft:wooden_pickaxe":1,"minecraft:stone_axe":1,"minecraft:air":176,"minecraft:stone_pickaxe":1,"minecraft:torch":4},"minecraft:used":{"minecraft:calcite":1,"minecraft:beetroot":1,"minecraft:birch_planks":20,"minecraft:stone_pickaxe":109,"minecraft:spruce_planks":114,"minecraft:wooden_pickaxe":8,"minecraft:iron_chestplate":1,"minecraft:white_wool":1,"minecraft:salmon":4,"minecraft:torch":10,"minecraft:dirt":10,"minecraft:mutton":1,"minecraft:crafting_table":4,"minecraft:cod":1,"minecraft:spruce_log":1,"minecraft:bread":8,"minecraft:spruce_sapling":1,"minecraft:gravel":5,"create:asurine":6,"minecraft:smooth_basalt":2,"minecraft:stone_axe":31,"minecraft:cobblestone":72,"minecraft:andesite":15,"epicfight:uchigatana":40},"minecraft:dropped":{"untamedwilds:material_fat":1,"minecraft:glow_berries":1,"minecraft:amethyst_block":1,"minecraft:stone_pickaxe":1,"minecraft:wooden_pickaxe":2,"minecraft:calcite":1,"minecraft:spruce_sapling":3,"minecraft:bone":1}},"DataVersion":2975}