{"stats":{"minecraft:killed_by":{"minecraft:player":2,"undead_revamp2:the_moonflower":4,"zombie_extreme:runner":2,"hordes:zombie_player":2,"minecraft:drowned":4,"zombie_extreme:infected_police":3,"minecraft:zombie":7,"undead_revamp2:thepregnant":1},"minecraft:used":{"pfm:oak_gray_simple_bed":4,"farmersdelight:kelp_roll_slice":3,"apocalypsenow:u_sarmy_boots":1,"apocalypsenow:chips":1,"minecraft:rotten_flesh":12,"farmersdelight:melon_juice":2,"minecraft:torch":28,"minecraft:dirt":10,"embellishcraft:light_gray_couch":1,"apocalypsenow:grape_juice":3,"apocalypsenow:pipe_wrench":129,"simplylight:illuminant_panel":1,"another_furniture:light_gray_curtain":3,"simplylight:illuminant_yellow_block_on":2,"quark:paper_lantern_sakura":2,"pfm:brown_simple_sofa":2,"carryon:tile_item":1,"minecraft:oak_sapling":1,"apocalypsenow:porpsi":2,"apocalypsenow:vodka":1,"minecraft:birch_planks":4,"minecraft:glass_bottle":1,"apocalypsenow:bikers_helmet":1,"simpleplanes:helicopter":2,"minecraft:golden_apple":2,"apocalypsenow:construction_chestplate":1,"apocalypsenow:coke":2,"farmersdelight:apple_cider":2,"minecraft:bread":1,"quark:oak_hedge":2,"minecraft:string":1,"apocalypsenow:construction_leggings":1,"apocalypsenow:dagger":1,"minecraft:cobblestone":3,"minecraft:potion":4,"apocalypsenow:peach_juice":2,"quark:spruce_ladder":1,"apocalypsenow:construction_boots":1,"apocalypsenow:cereal":1,"apocalypsenow:mace":291},"minecraft:picked_up":{"minecraft:iron_chestplate":1,"car:wheel":1,"apocalypsenow:bloodybandages":2,"immersiveengineering:plate_duroplast":1,"quark:spruce_ladder":1,"minecraft:wooden_pickaxe":1,"minecraft:potion":7,"minecraft:string":94,"pfm:oak_gray_simple_bed":4,"apocalypsenow:construction_boots":1,"apocalypsenow:mace":2,"minecraft:chest":1,"farmersdelight:kelp_roll_slice":9,"refinedstorage:16k_storage_part":1,"simplylight:illuminant_panel":3,"minecraft:torch":32,"minecraft:bowl":3,"sophisticatedbackpacks:backpack":5,"apocalypsenow:pipe_wrench":3,"chalk:blue_chalk":1,"minecraft:carrot":1,"quark:oak_leaf_carpet":1,"minecraft:black_dye":2,"apocalypsenow:porpsi":4,"minecraft:rotten_flesh":101,"pfm:oak_brown_simple_bed":4,"apocalypsenow:bikers_helmet":1,"firstaid:bandage":1,"farmersdelight:melon_juice":19,"minecraft:cobblestone":1,"minecraft:birch_log":1,"apocalypsenow:u_sarmy_boots":4,"tac:round45":11,"simpleplanes:helicopter":2,"farmersdelight:rice":1,"minecraft:salmon":26,"quark:oak_post":1,"apocalypsenow:ballpeen_hammer":1,"apocalypsenow:cereal":6,"apocalypsenow:construction_chestplate":2,"farmersdelight:cod_roll":6,"another_furniture:light_gray_curtain":3,"minecraft:dirt":10,"minecraft:bone":108,"apocalypsenow:construction_leggings":2,"farmersdelight:cooking_pot":2,"farmersdelight:salmon_roll":20,"apocalypsenow:human_flesh":8,"farmersdelight:apple_cider":4,"minecraft:iron_ingot":7,"tac:deagle_357":1,"apocalypsenow:red_bikers_helmet":1,"quark:paper_lantern_sakura":2,"minecraft:glass_bottle":2,"tac:9mm_round":31,"tac:ae50":36,"quark:light_gray_shard":24,"firstaid:plaster":3,"patchouli:guide_book":1,"apocalypsenow:small_can":5,"chalk:red_chalk":1,"apocalypsenow:chips":2,"pfm:brown_simple_sofa":2,"cfm:oak_hedge":1,"apocalypsenow:vodka":2,"minecraft:ink_sac":3,"immersiveengineering:electron_tube":1,"apocalypsenow:dagger":1,"apocalypsenow:coke":2,"immersiveengineering:seed":1,"simplylight:illuminant_yellow_block_on":2,"quark:oak_hedge":2,"minecraft:bread":7,"quark:gray_shard":48,"minecraft:oak_sapling":4,"embellishcraft:light_gray_couch":1},"minecraft:crafted":{"minecraft:air":4},"minecraft:custom":{"lootr:looted_stat":34,"minecraft:mob_kills":143,"minecraft:interact_with_crafting_table":2,"minecraft:open_barrel":8,"minecraft:damage_dealt_resisted":120,"minecraft:leave_game":5,"minecraft:time_since_death":0,"minecraft:climb_one_cm":32776,"minecraft:sprint_one_cm":488119,"minecraft:walk_one_cm":346295,"minecraft:fridge_opened":1,"minecraft:drop":144,"minecraft:damage_dealt_absorbed":110,"minecraft:play_time":155464,"minecraft:deaths":27,"minecraft:sneak_time":4212,"minecraft:walk_under_water_one_cm":43384,"minecraft:boat_one_cm":1066,"minecraft:jump":2612,"minecraft:drawer_searched":9,"minecraft:walk_on_water_one_cm":28798,"minecraft:total_world_time":155464,"minecraft:toilet_used":1,"minecraft:stove_opened":2,"minecraft:interact_with_stonecutter":1,"minecraft:sleep_in_bed":9,"minecraft:cabinet_searched":3,"minecraft:time_since_rest":5042,"minecraft:damage_taken":8940,"minecraft:damage_dealt":16199,"minecraft:swim_one_cm":87198,"minecraft:fly_one_cm":527139,"minecraft:freezer_opened":1,"minecraft:player_kills":2,"minecraft:crouch_one_cm":8977,"minecraft:fall_one_cm":93133},"minecraft:killed":{"hordes:zombie_player":3,"undead_revamp2:thesmoker":3,"minecraft:drowned":3,"zombiemobs:zombie_wolf":1,"undead_revamp2:thepregnant":1,"zombie_extreme:runner":4,"zombiemobs:zombie_pig":1,"zombie_extreme:crawler":2,"minecraft:husk":8,"minecraft:zombie_villager":2,"undead_revamp2:the_moonflower":2,"minecraft:zombie":106,"zombie_extreme:infected_police":4},"minecraft:mined":{"pfm:brown_simple_sofa":2,"embellishcraft:light_gray_couch":1,"quark:oak_leaf_carpet":1,"quark:oak_post":1,"minecraft:gray_stained_glass_pane":2,"create:horizontal_framed_glass":1,"simplylight:illuminant_panel":2,"minecraft:grass_block":6,"pfm:oak_brown_simple_bed":2,"minecraft:black_stained_glass_pane":15,"minecraft:tall_seagrass":1,"create:vertical_framed_glass":1,"minecraft:fire":1,"create:dark_oak_window_pane":4,"farmersdelight:cooking_pot":1,"lootr:lootr_chest":1,"quark:paper_lantern_sakura":2,"cfm:oak_hedge":1,"minecraft:torch":1,"minecraft:gray_stained_glass":12,"minecraft:birch_planks":1,"farmersdelight:skillet":1,"minecraft:light_gray_stained_glass":7,"minecraft:birch_log":1,"quark:spruce_ladder":1,"minecraft:sweet_berry_bush":1,"minecraft:grass":2,"create:vertical_framed_glass_pane":8,"quark:oak_hedge":2,"biomesoplenty:redwood_leaves":2,"another_furniture:light_gray_curtain":5,"minecraft:dirt":4,"pfm:oak_gray_simple_bed":4,"minecraft:oak_leaves":34,"simplylight:illuminant_yellow_block_on":2},"minecraft:dropped":{"apocalypsenow:human_flesh":6,"minecraft:black_dye":2,"minecraft:glass_bottle":5,"immersiveengineering:blueprint":2,"quark:gray_shard":48,"refinedstorage:16k_storage_part":1,"xpbook:xp_tome":1,"farmersdelight:rice":2,"quark:light_gray_shard":24,"immersiveengineering:plate_duroplast":1,"immersiveengineering:electron_tube":2,"minecraft:ink_sac":3,"car:wheel":2,"minecraft:potion":1,"minecraft:string":51,"ftbquests:book":1,"apocalypsenow:glassbottle":1,"minecraft:bone":12,"apocalypsenow:small_can":6,"minecraft:bowl":3,"minecraft:rotten_flesh":34,"apocalypsenow:bloodybandages":2,"minecraft:carrot":1,"car:canister":1,"minecraft:chest":1,"minecraft:oak_sapling":3,"farmersdelight:apple_cider":4,"immersiveengineering:seed":12},"minecraft:broken":{"apocalypsenow:construction_boots":1,"apocalypsenow:mace":1,"apocalypsenow:construction_chestplate":1,"apocalypsenow:construction_leggings":1,"apocalypsenow:bikers_helmet":1}},"DataVersion":2975}