{"stats":{"minecraft:picked_up":{"minecraft:torch":2,"apocalypsenow:human_flesh":2,"pfm:oak_brown_simple_bed":2,"biomesoplenty:dead_log":5,"minecraft:iron_bars":1},"minecraft:crafted":{"minecraft:air":20},"minecraft:dropped":{"apocalypsenow:human_flesh":1,"ftbquests:book":1},"minecraft:custom":{"minecraft:time_since_rest":6153,"minecraft:interact_with_loom":2,"minecraft:play_time":18915,"lootr:looted_stat":5,"minecraft:sprint_one_cm":88094,"minecraft:walk_one_cm":29733,"minecraft:damage_taken":855,"minecraft:deaths":2,"minecraft:fridge_opened":1,"minecraft:drop":2,"minecraft:jump":368,"minecraft:damage_dealt":21,"minecraft:leave_game":1,"minecraft:time_since_death":4854,"minecraft:total_world_time":18915,"minecraft:climb_one_cm":1021,"minecraft:fly_one_cm":81498,"minecraft:fall_one_cm":15618,"minecraft:freezer_opened":2},"minecraft:used":{"minecraft:torch":6,"minecraft:iron_bars":1,"minecraft:potion":3,"biomesoplenty:dead_planks":2,"minecraft:wooden_pickaxe":1},"minecraft:mined":{"minecraft:dark_oak_planks":1,"biomesoplenty:dead_log":6,"minecraft:iron_bars":1,"pfm:oak_brown_simple_bed":2,"minecraft:wall_torch":2,"create:dark_oak_window_pane":4}},"DataVersion":2975}