{"stat.cakeSlicesEaten":7,"stat.useItem.minecraft.bow":2,"stat.drop.minecraft.mutton":1,"stat.pickup.iceandfire.fire_dragon_flesh":10,"stat.useItem.minecraft.iron_axe":13,"stat.leaveGame":4,"stat.mineBlock.ebwizardry.crystal_flower":6,"stat.mineBlock.minecraft.cobblestone":14,"stat.drop.iceandfire.weezer_blue_album":3,"stat.killEntity.betteranimalsplus.goat":1,"stat.useItem.minecraft.mutton":2,"stat.swimOneCm":21932,"stat.useItem.minecraft.planks":28,"stat.pickup.minecraft.porkchop":10,"stat.useItem.minecraft.cookie":2,"stat.useItem.minecraft.dirt":10,"stat.useItem.minecraft.stone_slab2":25,"stat.craftItem.minecraft.golden_apple":1,"stat.craftItem.minecraft.furnace":1,"stat.pickup.minecraft.bucket":1,"stat.craftItem.minecraft.cooked_beef":5,"stat.pickup.minecraft.cobblestone":9,"stat.flyOneCm":362717,"stat.pickup.biomesoplenty.mushroom":1,"stat.pickup.minecraft.glass_bottle":16,"stat.entityKilledBy.firedragon":40,"stat.pickup.iceandfire.ash":2,"stat.useItem.minecraft.cooked_beef":5,"stat.timeSinceDeath":76896,"stat.drop.minecraft.log":1,"stat.craftItem.minecraft.wooden_pickaxe":1,"stat.mineBlock.ebwizardry.arcane_workbench":1,"stat.pickup.ebwizardry.arcane_workbench":1,"stat.craftItem.minecraft.bed":2,"stat.pickup.minecraft.stonebrick":2,"stat.furnaceInteraction":22,"stat.useItem.minecraft.cooked_porkchop":9,"stat.pickup.ebwizardry.magic_crystal":5,"stat.killEntity.ZombieVillager":1,"stat.pickup.iceandfire.dragon_skull":5,"stat.mineBlock.minecraft.coal_ore":13,"stat.talkedToVillager":5,"stat.craftItem.iceandfire.armor_red_chestplate":1,"stat.pickup.minecraft.beef":7,"stat.mineBlock.ebwizardry.runestone":1,"stat.pickup.minecraft.furnace":5,"stat.useItem.minecraft.cooked_mutton":4,"stat.pickup.tombstone.crafting_ingredient":1,"stat.craftItem.minecraft.stone_slab2":0,"stat.sprintOneCm":215062,"stat.pickup.minecraft.iron_chestplate":1,"stat.mineBlock.biomesoplenty.log_0":6,"stat.craftItem.minecraft.stick":4,"stat.mineBlock.biomesoplenty.grass":2,"stat.killEntity.ebwizardry:evil_wizard":2,"stat.mineBlock.iceandfire.ash":1,"stat.mineBlock.minecraft.crafting_table":3,"stat.drop.iceandfire.fire_dragon_flesh":4,"stat.pickup.minecraft.saddle":1,"stat.craftItem.iceandfire.armor_gray_helmet":1,"stat.killEntity.ebwizardry:wizard":1,"stat.deaths":64,"stat.mineBlock.iceandfire.chared_gravel":1,"stat.drop":31,"stat.playOneMinute":103555,"stat.drop.tombstone.grave_key":1,"stat.killEntity.Sheep":2,"stat.drop.ebwizardry.spectral_dust":1,"stat.pickup.tombstone.grave_key":1,"stat.killEntity.Zombie":8,"stat.mineBlock.minecraft.tallgrass":14,"stat.craftItem.minecraft.cooked_mutton":4,"stat.diveOneCm":21779,"stat.chestOpened":27,"stat.useItem.minecraft.stone":7,"stat.drop.minecraft.wooden_pickaxe":1,"stat.pickup.minecraft.gravel":3,"stat.pickup.minecraft.iron_sword":1,"stat.craftItem.minecraft.cooked_porkchop":9,"stat.useItem.minecraft.apple":1,"stat.craftItem.iceandfire.armor_red_leggings":1,"stat.pickup.minecraft.gold_nugget":104,"stat.craftItem.biomesoplenty.planks_0":24,"stat.jump":2613,"stat.pickup.minecraft.coal":20,"stat.fallOneCm":78885,"stat.drop.minecraft.stone":3,"stat.pickup.iceandfire.chared_gravel":1,"stat.crouchOneCm":25727,"stat.pickup.iceandfire.chared_stone":1,"stat.drop.biomesoplenty.mushroom":1,"stat.pickup.minecraft.dirt":20,"stat.pickup.minecraft.red_mushroom":1,"stat.useItem.biomesoplenty.plant_1":1,"stat.drop.minecraft.bed":1,"stat.useItem.minecraft.cooked_chicken":1,"stat.craftingTableInteraction":12,"stat.pickup.iceandfire.fire_dragon_heart":2,"stat.pickup.minecraft.cookie":6,"stat.pickup.minecraft.iron_axe":1,"stat.pickup.minecraft.wooden_pickaxe":1,"stat.damageTaken":18229,"stat.drop.minecraft.bone":1,"stat.mineBlock.minecraft.furnace":5,"stat.useItem.minecraft.wooden_pickaxe":39,"stat.useItem.minecraft.furnace":1,"stat.pickup.iceandfire.dragonscales_red":35,"stat.mineBlock.biomesoplenty.plant_1":2,"stat.pickup.ebwizardry.crystal_flower":7,"stat.mineBlock.biomesoplenty.plant_0":16,"stat.pickup.minecraft.log2":6,"stat.pickup.minecraft.planks":32,"stat.pickup.biomesoplenty.plant_1":2,"stat.pickup.minecraft.bed":3,"stat.killEntity.hippogryph":1,"tombstone:undead_killed":10,"stat.pickup.minecraft.wheat_seeds":9,"stat.entityKilledBy.Zombie":1,"stat.mineBlock.minecraft.gravel":3,"stat.drop.iceandfire.fire_dragon_heart":1,"stat.drop.iceandfire.chared_gravel":1,"stat.useItem.minecraft.stone_pickaxe":27,"stat.damageDealt":7914,"stat.sleepInBed":4,"stat.craftItem.iceandfire.armor_gray_boots":1,"stat.mineBlock.minecraft.dirt":23,"stat.useItem.minecraft.crafting_table":1,"stat.killEntity.Pig":4,"stat.walkOneCm":337377,"stat.playerKills":2,"stat.drop.tombstone.crafting_ingredient":1,"stat.pickup.minecraft.iron_nugget":2,"stat.drop.minecraft.rotten_flesh":2,"stat.useItem.minecraft.log":2,"stat.pickup.minecraft.crafting_table":2,"stat.useItem.minecraft.cobblestone":1,"stat.pickup.biomesoplenty.sapling_0":2,"stat.craftItem.minecraft.crafting_table":1,"stat.mineBlock.minecraft.double_plant":5,"stat.pickup.iceandfire.weezer_blue_album":2,"stat.mineBlock.betteranimalsplus.trillium":1,"stat.pickup.minecraft.log":9,"stat.useItem.minecraft.cooked_fish":1,"stat.drop.biomesoplenty.sapling_0":2,"stat.drop.minecraft.stonebrick":1,"stat.drop.minecraft.iron_chestplate":1,"stat.craftItem.minecraft.gold_ingot":11,"stat.pickup.minecraft.stone":10,"stat.drop.minecraft.planks":1,"stat.mineBlock.minecraft.wool":6,"stat.pickup.minecraft.sapling":1,"stat.pickup.iceandfire.dragonscales_gray":17,"stat.pickup.minecraft.gold_ingot":4,"stat.killEntity.Skeleton":6,"stat.mineBlock.iceandfire.goldpile":22,"stat.pickup.biomesoplenty.log_0":6,"stat.craftItem.minecraft.planks":48,"stat.useItem.minecraft.iron_sword":93,"stat.drop.iceandfire.ash":2,"stat.drop.iceandfire.dragonscales_red":1,"stat.killEntity.Spider":2,"stat.pickup.ebwizardry.runestone":2,"stat.mobKills":29,"stat.craftItem.minecraft.cooked_chicken":1,"stat.pickup.iceandfire.dragonbone":32,"stat.useItem.minecraft.golden_apple":1,"stat.useItem.biomesoplenty.dirt":22,"stat.pickup.biomesoplenty.dirt":24,"stat.mineBlock.iceandfire.dragon_ice_spikes":1,"stat.killEntity.ebwizardry:remnant":1,"stat.sneakTime":6925,"stat.pickup.minecraft.wool":6,"stat.killEntity.firedragon":1}