{"stats":{"minecraft:picked_up":{"epicfight:uchigatana":1},"minecraft:dropped":{"epicfight:uchigatana":1},"minecraft:used":{"epicfight:uchigatana":3},"minecraft:mined":{"minecraft:tall_grass":2,"minecraft:oak_leaves":1},"minecraft:custom":{"minecraft:jump":68,"minecraft:time_since_rest":8135,"minecraft:sprint_one_cm":2038,"minecraft:play_time":8135,"minecraft:time_since_death":8135,"minecraft:walk_one_cm":50247,"minecraft:total_world_time":8135,"minecraft:drop":1,"minecraft:fall_one_cm":687,"minecraft:fly_one_cm":233}},"DataVersion":2975}