{"stats":{"minecraft:crafted":{"minecraft:cooked_porkchop":5,"minecraft:wooden_pickaxe":1,"minecraft:stone_axe":1,"minecraft:air":109,"minecraft:stick":4,"minecraft:iron_ingot":3,"minecraft:stone_pickaxe":1},"minecraft:used":{"quark:frog_leg":1,"minecraft:stone_pickaxe":47,"minecraft:oak_planks":22,"minecraft:wooden_pickaxe":8,"minecraft:dirt":5,"minecraft:crafting_table":2,"minecraft:blast_furnace":1,"minecraft:carrot":1,"minecraft:cod":2,"minecraft:apple":1,"minecraft:bread":2,"minecraft:stone_axe":21,"minecraft:furnace":1,"minecraft:cooked_porkchop":5,"alexsmobs:banana":1,"magistuarmory:face_helmet":1,"epicfight:uchigatana":92},"minecraft:custom":{"minecraft:interact_with_furnace":10,"minecraft:mob_kills":19,"minecraft:interact_with_crafting_table":7,"minecraft:open_barrel":10,"minecraft:leave_game":2,"minecraft:time_since_death":13023,"minecraft:climb_one_cm":13873,"minecraft:time_since_rest":13059,"minecraft:sprint_one_cm":200656,"minecraft:damage_taken":1460,"minecraft:walk_one_cm":461838,"minecraft:trigger_trapped_chest":3,"minecraft:drop":15,"minecraft:damage_dealt":4737,"minecraft:damage_dealt_absorbed":168,"minecraft:swim_one_cm":19980,"minecraft:fly_one_cm":361441,"minecraft:open_chest":3,"minecraft:crouch_one_cm":10726,"minecraft:play_time":61042,"minecraft:sneak_time":1559,"minecraft:deaths":3,"minecraft:walk_under_water_one_cm":4431,"minecraft:jump":1305,"minecraft:interact_with_blast_furnace":7,"minecraft:walk_on_water_one_cm":6863,"minecraft:total_world_time":61042,"minecraft:fall_one_cm":27489},"minecraft:mined":{"minecraft:blackstone":14,"minecraft:basalt":3,"minecraft:chiseled_quartz_block":1,"minecraft:crafting_table":2,"untamedwilds:flora_common_reed":1,"minecraft:blast_furnace":2,"minecraft:grass_block":4,"untamedwilds:flora_elephant_ear":1,"minecraft:tall_grass":19,"minecraft:spawner":1,"supplementaries:urn":2,"minecraft:furnace":1,"treechop:chopped_log":3,"minecraft:grass":12,"minecraft:deepslate_iron_ore":3,"minecraft:vine":2,"minecraft:smooth_quartz":20,"minecraft:light_gray_concrete":9,"minecraft:dirt":1,"minecraft:spruce_slab":2,"minecraft:oak_leaves":5,"minecraft:fern":4},"minecraft:killed_by":{"minecraft:creeper":1,"untamedwilds:monitor":1,"bloodandmadness:church_doctor_crucifix":1},"minecraft:killed":{"bloodandmadness:church_doctor":1,"minecraft:pig":3,"bloodandmadness:cloaked_beast_patient":2,"iceandfire:amphithere":1,"untamedwilds:boar":1,"untamedwilds:tarantula":1,"untamedwilds:monitor":1,"alexsmobs:seagull":2,"bloodandmadness:church_doctor_lantern":1,"untamedwilds:tortoise":1,"minecraft:zombie":3,"bloodandmadness:beast_patient":1,"untamedwilds:snake":1,"alexsmobs:flying_fish":1},"minecraft:dropped":{"untamedwilds:flora_common_reed":2,"minecraft:wheat_seeds":2,"epicfight:uchigatana":1,"minecraft:oak_log":1,"untamedwilds:material_fat":1,"untamedwilds:food_turtle_raw":1,"minecraft:rotten_flesh":3,"minecraft:dirt":1,"minecraft:oak_wood":1,"minecraft:oak_sapling":1,"minecraft:acacia_sapling":1,"minecraft:wooden_pickaxe":1},"minecraft:picked_up":{"minecraft:crafting_table":2,"minecraft:feather":4,"minecraft:basalt":1,"minecraft:jungle_log":13,"minecraft:leather":1,"minecraft:wooden_pickaxe":1,"paraglider:spirit_orb":2,"minecraft:oak_log":1,"quark:frog_leg":1,"minecraft:dirt":6,"untamedwilds:food_turtle_raw":1,"minecraft:bone":6,"minecraft:apple":1,"bloodandmadness:blood_vial":4,"untamedwilds:material_fat":3,"minecraft:wheat_seeds":2,"alexsmobs:banana":1,"minecraft:stone_pickaxe":1,"minecraft:smooth_quartz":17,"minecraft:spruce_slab":2,"minecraft:acacia_sapling":1,"minecraft:furnace":1,"iceandfire:amphithere_feather":6,"minecraft:stick":2,"minecraft:raw_iron":3,"untamedwilds:flora_common_reed":2,"bygonenether:cobbled_blackstone":14,"magistuarmory:face_helmet":1,"minecraft:porkchop":9,"epicfight:uchigatana":1,"minecraft:blast_furnace":2,"minecraft:carrot":1,"alexsmobs:animal_dictionary":1,"bloodandmadness:beastblood_clump":1,"minecraft:light_gray_concrete":8,"minecraft:oak_wood":15,"minecraft:rotten_flesh":3,"minecraft:stone_axe":1,"minecraft:oak_sapling":6,"bloodandmadness:blood_stone_shard":2,"minecraft:cod":2,"alexsmobs:flying_fish":1}},"DataVersion":2975}