{"stats":{"minecraft:crafted":{"minecraft:cooked_porkchop":5,"minecraft:wooden_pickaxe":1,"minecraft:stone_axe":1,"minecraft:air":109,"minecraft:stick":4,"minecraft:iron_ingot":3,"minecraft:stone_pickaxe":1},"minecraft:custom":{"minecraft:interact_with_furnace":10,"minecraft:mob_kills":42,"minecraft:interact_with_crafting_table":7,"minecraft:open_barrel":10,"minecraft:leave_game":3,"minecraft:time_since_death":9418,"minecraft:climb_one_cm":13873,"minecraft:time_since_rest":9448,"minecraft:sprint_one_cm":218865,"minecraft:damage_taken":1838,"minecraft:walk_one_cm":518068,"minecraft:trigger_trapped_chest":3,"minecraft:drop":18,"minecraft:damage_dealt":11811,"minecraft:damage_dealt_absorbed":252,"minecraft:swim_one_cm":19980,"minecraft:fly_one_cm":388624,"minecraft:open_chest":13,"minecraft:crouch_one_cm":45155,"minecraft:play_time":75865,"minecraft:sneak_time":5745,"minecraft:deaths":4,"minecraft:walk_under_water_one_cm":4431,"minecraft:jump":1565,"minecraft:interact_with_blast_furnace":7,"minecraft:walk_on_water_one_cm":6863,"minecraft:total_world_time":75865,"minecraft:fall_one_cm":30539},"minecraft:used":{"epicfight:skillbook":2,"quark:frog_leg":1,"minecraft:stone_pickaxe":99,"minecraft:oak_planks":28,"minecraft:wooden_pickaxe":8,"minecraft:dirt":5,"minecraft:crafting_table":2,"minecraft:blast_furnace":1,"minecraft:carrot":1,"minecraft:cod":2,"minecraft:apple":1,"minecraft:bread":3,"minecraft:smooth_quartz":16,"minecraft:stone_axe":55,"minecraft:furnace":1,"minecraft:cooked_porkchop":5,"alexsmobs:banana":1,"magistuarmory:face_helmet":1,"epicfight:uchigatana":278},"minecraft:mined":{"minecraft:redstone_block":1,"minecraft:gray_concrete":1,"minecraft:blackstone":14,"minecraft:basalt":3,"minecraft:chiseled_quartz_block":6,"minecraft:crafting_table":2,"untamedwilds:flora_common_reed":1,"minecraft:blast_furnace":2,"minecraft:grass_block":4,"minecraft:redstone_wire":1,"untamedwilds:flora_elephant_ear":1,"minecraft:tall_grass":25,"minecraft:spawner":2,"supplementaries:urn":2,"minecraft:repeater":1,"minecraft:furnace":1,"treechop:chopped_log":3,"minecraft:grass":12,"minecraft:deepslate_iron_ore":3,"minecraft:vine":2,"minecraft:smooth_quartz":55,"minecraft:light_gray_concrete":12,"minecraft:dirt":1,"minecraft:piston":1,"minecraft:spruce_slab":4,"minecraft:oak_leaves":5,"minecraft:fern":4},"minecraft:killed_by":{"minecraft:skeleton":1,"minecraft:creeper":1,"untamedwilds:monitor":1,"bloodandmadness:church_doctor_crucifix":1},"minecraft:killed":{"bloodandmadness:church_doctor":1,"minecraft:pig":3,"bloodandmadness:cloaked_beast_patient":2,"iceandfire:amphithere":1,"untamedwilds:boar":1,"untamedwilds:tarantula":1,"untamedwilds:monitor":1,"alexsmobs:seagull":2,"bloodandmadness:church_doctor_lantern":1,"minecraft:skeleton":23,"untamedwilds:tortoise":1,"minecraft:zombie":3,"bloodandmadness:beast_patient":1,"untamedwilds:snake":1,"alexsmobs:flying_fish":1},"minecraft:dropped":{"untamedwilds:flora_common_reed":2,"minecraft:wheat_seeds":2,"epicfight:uchigatana":2,"minecraft:oak_log":1,"untamedwilds:material_fat":3,"untamedwilds:food_turtle_raw":1,"minecraft:rotten_flesh":3,"bloodandmadness:beastblood_clump":1,"minecraft:dirt":1,"minecraft:oak_wood":1,"minecraft:oak_sapling":1,"minecraft:acacia_sapling":1,"minecraft:wooden_pickaxe":1},"minecraft:picked_up":{"minecraft:crafting_table":2,"minecraft:feather":4,"minecraft:basalt":1,"minecraft:redstone_block":1,"minecraft:repeater":1,"minecraft:jungle_log":13,"minecraft:leather":1,"minecraft:chiseled_quartz_block":3,"minecraft:wooden_pickaxe":1,"paraglider:spirit_orb":4,"minecraft:oak_log":1,"quark:frog_leg":1,"minecraft:dirt":6,"untamedwilds:food_turtle_raw":1,"minecraft:bone":20,"minecraft:apple":1,"bloodandmadness:blood_vial":4,"untamedwilds:material_fat":5,"minecraft:wheat_seeds":2,"alexsmobs:banana":1,"minecraft:stone_pickaxe":1,"minecraft:smooth_quartz":50,"minecraft:spruce_slab":2,"minecraft:piston":1,"minecraft:acacia_sapling":1,"minecraft:furnace":1,"iceandfire:amphithere_feather":6,"minecraft:stick":2,"minecraft:raw_iron":3,"untamedwilds:flora_common_reed":2,"bygonenether:cobbled_blackstone":14,"magistuarmory:face_helmet":1,"minecraft:porkchop":9,"epicfight:uchigatana":2,"minecraft:blast_furnace":2,"minecraft:redstone":1,"minecraft:carrot":1,"alexsmobs:animal_dictionary":1,"bloodandmadness:beastblood_clump":1,"minecraft:light_gray_concrete":11,"minecraft:oak_wood":15,"minecraft:arrow":12,"minecraft:rotten_flesh":3,"minecraft:stone_axe":1,"minecraft:oak_sapling":6,"bloodandmadness:blood_stone_shard":2,"minecraft:cod":2,"alexsmobs:flying_fish":1}},"DataVersion":2975}