{"stats":{"minecraft:crafted":{"minecraft:air":56},"minecraft:used":{"minecraft:bread":2,"minecraft:dirt":1,"epicfight:uchigatana":53},"minecraft:custom":{"minecraft:time_since_rest":8884,"minecraft:interact_with_furnace":1,"minecraft:sprint_one_cm":77435,"minecraft:damage_taken":600,"minecraft:walk_one_cm":222277,"minecraft:mob_kills":11,"minecraft:drop":4,"minecraft:damage_dealt":2370,"minecraft:damage_dealt_absorbed":126,"minecraft:swim_one_cm":10604,"minecraft:fly_one_cm":126657,"minecraft:open_barrel":10,"minecraft:open_chest":1,"minecraft:play_time":32480,"minecraft:deaths":2,"minecraft:sneak_time":3,"minecraft:walk_under_water_one_cm":831,"minecraft:jump":577,"minecraft:interact_with_blast_furnace":1,"minecraft:time_since_death":8852,"minecraft:walk_on_water_one_cm":1026,"minecraft:total_world_time":32480,"minecraft:fall_one_cm":13496},"minecraft:mined":{"supplementaries:urn":2,"treechop:chopped_log":1,"minecraft:grass":6,"minecraft:grass_block":1,"minecraft:tall_grass":17,"minecraft:oak_leaves":3,"minecraft:fern":2},"minecraft:killed_by":{"untamedwilds:monitor":1,"bloodandmadness:church_doctor_crucifix":1},"minecraft:killed":{"minecraft:zombie":2,"minecraft:pig":3,"bloodandmadness:beast_patient":1,"untamedwilds:snake":1,"untamedwilds:monitor":1,"bloodandmadness:church_doctor_lantern":1,"alexsmobs:seagull":2},"minecraft:dropped":{"minecraft:dirt":1,"minecraft:wheat_seeds":2,"epicfight:uchigatana":1,"minecraft:oak_wood":1},"minecraft:picked_up":{"minecraft:stick":2,"minecraft:feather":4,"minecraft:wooden_pickaxe":1,"minecraft:porkchop":9,"epicfight:uchigatana":1,"bloodandmadness:beastblood_clump":1,"minecraft:dirt":2,"minecraft:oak_wood":15,"minecraft:bone":4,"minecraft:rotten_flesh":1,"minecraft:apple":1,"bloodandmadness:blood_vial":1,"minecraft:wheat_seeds":2,"minecraft:oak_sapling":5,"bloodandmadness:blood_stone_shard":1}},"DataVersion":2975}