{"stats":{"minecraft:used":{"epicfight:uchigatana":17},"minecraft:custom":{"minecraft:time_since_rest":1290,"minecraft:sprint_one_cm":27772,"minecraft:play_time":20480,"minecraft:deaths":1,"minecraft:damage_taken":220,"minecraft:walk_one_cm":115300,"minecraft:mob_kills":4,"minecraft:drop":1,"minecraft:jump":257,"minecraft:damage_dealt":560,"minecraft:time_since_death":1136,"minecraft:total_world_time":20480,"minecraft:damage_dealt_absorbed":84,"minecraft:fall_one_cm":5171,"minecraft:fly_one_cm":40272},"minecraft:mined":{"minecraft:grass_block":1,"minecraft:tall_grass":6,"minecraft:oak_leaves":1},"minecraft:killed_by":{"untamedwilds:monitor":1},"minecraft:dropped":{"epicfight:uchigatana":1},"minecraft:killed":{"untamedwilds:snake":1,"minecraft:pig":3},"minecraft:picked_up":{"minecraft:porkchop":7,"epicfight:uchigatana":1,"minecraft:dirt":1}},"DataVersion":2975}