{"stat.useItem.minecraft.bow":63,"stat.useItem.minecraft.quartz_block":3,"stat.pickup.minecraft.wooden_slab":1,"stat.pickup.iceandfire.fire_dragon_flesh":16,"stat.leaveGame":18,"stat.killEntity.betteranimalsplus.goat":1,"stat.drop.minecraft.enchanted_book":1,"stat.craftItem.minecraft.shield":1,"stat.mineBlock.minecraft.web":1,"stat.pickup.minecraft.rotten_flesh":6,"stat.pickup.minecraft.bucket":2,"stat.mineBlock.minecraft.wooden_slab":1,"stat.pickup.biomesoplenty.mushroom":1,"stat.pickup.minecraft.brown_mushroom":1,"stat.drop.minecraft.tnt":1,"stat.useItem.minecraft.iron_pickaxe":151,"stat.craftItem.minecraft.wooden_pickaxe":1,"stat.craftItem.minecraft.bed":2,"stat.mineBlock.minecraft.vine":2,"stat.furnaceInteraction":59,"stat.drop.minecraft.gravel":2,"stat.useItem.minecraft.golden_carrot":2,"stat.killEntity.ZombieVillager":4,"stat.useItem.cqrepoured.dagger_iron":2,"stat.pickup.minecraft.beef":7,"stat.pickup.minecraft.hay_block":49,"stat.drop.ebwizardry.amulet_wither_immunity":1,"stat.pickup.biomesoplenty.flower_1":1,"stat.pickup.biomesoplenty.flower_0":4,"stat.drop.minecraft.furnace":1,"stat.pickup.tombstone.gift":1,"stat.pickup.minecraft.potion":8,"stat.killEntity.Husk":2,"stat.deaths":64,"stat.mineBlock.minecraft.stone_pressure_plate":4,"stat.killEntity.cqr_skeleton":70,"stat.drop.minecraft.glass_bottle":7,"stat.mineBlock.minecraft.tallgrass":77,"stat.craftItem.minecraft.cooked_mutton":4,"stat.pickup.minecraft.cooked_mutton":26,"stat.chestOpened":104,"stat.useItem.minecraft.splash_potion":1,"stat.useItem.minecraft.stone":7,"stat.pickup.minecraft.iron_sword":2,"stat.pickup.minecraft.arrow":1,"stat.craftItem.iceandfire.armor_red_leggings":1,"stat.pickup.minecraft.gold_nugget":104,"stat.drop.minecraft.iron_pickaxe":1,"stat.pickup.minecraft.carrot":4,"stat.crouchOneCm":50544,"stat.mineBlock.minecraft.chest":1,"stat.useItem.biomesoplenty.plant_1":1,"stat.craftingTableInteraction":50,"stat.pickup.minecraft.wooden_pickaxe":1,"stat.mineBlock.minecraft.log2":7,"stat.mineBlock.biomesoplenty.plant_1":2,"stat.mineBlock.biomesoplenty.plant_0":59,"stat.pickup.minecraft.dye":3,"stat.pickup.minecraft.planks":55,"stat.pickup.biomesoplenty.plant_1":2,"stat.useItem.iceandfire.dragonbone_sword_fire":127,"stat.pickup.minecraft.wheat_seeds":29,"stat.drop.iceandfire.fire_dragon_heart":3,"stat.drop.iceandfire.chared_gravel":1,"stat.pickup.iceandfire.cyclops_eye":2,"stat.mineBlock.minecraft.dirt":27,"stat.useItem.minecraft.bread":58,"stat.drop.minecraft.rotten_flesh":20,"stat.useItem.minecraft.cobblestone":17,"stat.pickup.minecraft.magma":11,"stat.useItem.minecraft.gravel":1,"stat.mineBlock.minecraft.double_plant":8,"stat.pickup.iceandfire.weezer_blue_album":2,"stat.mineBlock.betteranimalsplus.trillium":1,"stat.pickup.minecraft.iron_pickaxe":3,"stat.drop.minecraft.carrot":1,"stat.craftItem.minecraft.gold_ingot":29,"stat.pickup.iceandfire.fire_dragon_blood":2,"stat.pickup.minecraft.apple":4,"stat.craftItem.minecraft.planks":76,"stat.useItem.minecraft.iron_sword":332,"stat.drop.iceandfire.dragonscales_red":1,"stat.pickup.biomesoplenty.berries":1,"stat.drop.biomesoplenty.flower_0":3,"stat.useItem.minecraft.stonebrick":1,"stat.pickup.minecraft.book":6,"stat.pickup.iceandfire.dragonbone":32,"stat.useItem.biomesoplenty.dirt":23,"stat.pickup.biomesoplenty.dirt":28,"stat.pickup.minecraft.red_flower":8,"stat.pickup.minecraft.red_nether_brick":30,"stat.pickup.minecraft.wool":8,"stat.cakeSlicesEaten":7,"stat.useItem.minecraft.iron_axe":133,"stat.mineBlock.minecraft.cobblestone":32,"stat.craftItem.iceandfire.dragonbone_sword_fire":1,"stat.craftItem.minecraft.wool":6,"stat.pickup.minecraft.enchanted_book":5,"stat.pickup.minecraft.cooked_porkchop":5,"stat.useItem.minecraft.cookie":8,"stat.useItem.minecraft.stone_slab2":56,"stat.pickup.minecraft.bow":2,"stat.craftItem.minecraft.furnace":1,"stat.craftItem.minecraft.cooked_beef":29,"stat.pickup.minecraft.diamond_leggings":1,"stat.flyOneCm":786030,"stat.drop.minecraft.iron_helmet":1,"stat.pickup.minecraft.nether_brick_stairs":1,"stat.drop.minecraft.chainmail_chestplate":1,"stat.timeSinceDeath":250749,"stat.pickup.ebwizardry.arcane_workbench":1,"stat.pickup.travelersbackpack.travelers_backpack":1,"stat.mineBlock.minecraft.coal_ore":13,"stat.drop.minecraft.wool":5,"stat.killEntity.Creeper":2,"stat.pickup.minecraft.shield":4,"stat.talkedToVillager":5,"stat.pickup.minecraft.string":10,"stat.mineBlock.minecraft.ladder":1,"stat.pickup.tombstone.crafting_ingredient":1,"stat.sprintOneCm":835185,"stat.mineBlock.biomesoplenty.flower_0":1,"stat.mineBlock.biomesoplenty.grass":3,"stat.killEntity.ebwizardry:evil_wizard":3,"stat.pickup.ebwizardry.amulet_wither_immunity":2,"stat.craftItem.iceandfire.armor_gray_helmet":3,"stat.drop.tombstone.grave_key":1,"stat.pickup.tombstone.grave_key":1,"stat.killEntity.Zombie":78,"stat.craftItem.minecraft.dye":6,"stat.diveOneCm":27619,"stat.pickup.minecraft.wheat":8,"stat.craftItem.minecraft.cooked_porkchop":9,"stat.jump":4640,"stat.pickup.minecraft.coal":30,"stat.pickup.iceandfire.chared_gravel":1,"stat.pickup.iceandfire.chared_stone":1,"stat.craftItem.minecraft.torch":8,"stat.pickup.minecraft.dirt":24,"stat.pickup.iceandfire.fire_dragon_heart":4,"stat.pickup.minecraft.cookie":24,"stat.pickup.minecraft.iron_axe":4,"stat.brewingstandInteraction":5,"stat.damageTaken":24242,"stat.mineBlock.minecraft.torch":2,"stat.mineBlock.minecraft.red_flower":8,"stat.pickup.ebwizardry.crystal_flower":7,"stat.pickup.minecraft.log2":13,"stat.craftItem.minecraft.glowstone":32,"stat.pickup.minecraft.bed":5,"stat.killEntity.hippogryph":1,"stat.pickup.minecraft.quartz_block":6,"stat.pickup.minecraft.potato":2,"stat.entityKilledBy.Zombie":1,"stat.pickup.minecraft.diamond_axe":2,"stat.killEntity.Silverfish":3,"stat.useItem.biomesoplenty.log_2":5,"stat.drop.minecraft.wheat":1,"stat.pickup.minecraft.diamond_pickaxe":2,"stat.mineBlock.biomesoplenty.planks_0":1,"stat.drop.biomesoplenty.sapling_0":2,"stat.craftItem.minecraft.wheat":299,"stat.useItem.tombstone.gift":1,"stat.drop.minecraft.potato":1,"stat.craftItem.travelersbackpack.sleeping_bag_bottom":3,"stat.mineBlock.minecraft.tnt":2,"stat.mineBlock.minecraft.stonebrick":29,"stat.drop.minecraft.cookie":6,"stat.mobKills":253,"stat.mineBlock.minecraft.bookshelf":6,"stat.pickup.minecraft.diamond":1,"stat.pickup.iceandfire.armor_gray_helmet":1,"stat.drop.minecraft.spruce_stairs":1,"stat.pickup.minecraft.torch":9,"stat.killEntity.ebwizardry:remnant":1,"stat.drop.minecraft.quartz_block":3,"stat.killEntity.firedragon":1,"stat.drop.minecraft.mutton":1,"stat.mineBlock.ebwizardry.crystal_flower":6,"stat.useItem.iceandfire.dragonbone_sword":2,"stat.drop.iceandfire.weezer_blue_album":3,"stat.drop.minecraft.shield":4,"stat.drop.minecraft.red_nether_brick":3,"stat.useItem.minecraft.mutton":2,"stat.useItem.minecraft.planks":35,"stat.drop.dynamictrees.birchseed":2,"stat.drop.minecraft.bowl":1,"stat.pickup.minecraft.porkchop":10,"stat.pickup.minecraft.blaze_powder":6,"stat.pickup.minecraft.glass":12,"stat.drop.ebwizardry.magic_crystal":5,"stat.mineBlock.minecraft.stone_brick_stairs":2,"stat.craftItem.minecraft.golden_apple":4,"stat.pickup.minecraft.sand":63,"stat.useItem.minecraft.red_nether_brick":21,"stat.entityKilledBy.firedragon":40,"stat.pickup.minecraft.chainmail_chestplate":1,"stat.mineBlock.minecraft.sand":16,"stat.pickup.iceandfire.ash":2,"stat.hopperInspected":2,"stat.mineBlock.biomesoplenty.dirt":3,"stat.trappedChestTriggered":1,"stat.pickup.iceandfire.dragon_skull":5,"stat.mineBlock.ebwizardry.runestone":1,"stat.pickup.minecraft.furnace":13,"stat.useItem.minecraft.cooked_mutton":11,"stat.craftItem.travelersbackpack.travelers_backpack":2,"stat.pickup.minecraft.iron_chestplate":3,"stat.mineBlock.iceandfire.ash":1,"stat.pickup.minecraft.stone_stairs":2,"stat.pickup.minecraft.saddle":1,"stat.mineBlock.minecraft.oak_stairs":1,"stat.mineBlock.iceandfire.chared_gravel":1,"stat.playOneMinute":277408,"stat.drop.cqrepoured.scale_turtle":1,"stat.drop.minecraft.string":10,"stat.pickup.minecraft.iron_bars":37,"stat.craftItem.iceandfire.dragonbone_sword":1,"stat.pickup.cqrepoured.scale_turtle":1,"stat.craftItem.biomesoplenty.planks_0":80,"stat.mineBlock.minecraft.gold_block":2,"stat.fallOneCm":117732,"stat.drop.minecraft.stone":8,"stat.drop.minecraft.dye":1,"stat.craftItem.minecraft.chest":3,"stat.pickup.travelersbackpack.sleeping_bag_bottom":1,"stat.pickup.minecraft.red_mushroom":1,"stat.pickup.minecraft.golden_leggings":4,"stat.dropperInspected":8,"stat.craftItem.iceandfire.armor_gray_leggings":1,"stat.drop.minecraft.bone":3,"stat.mineBlock.minecraft.red_nether_brick":23,"stat.useItem.minecraft.furnace":3,"stat.pickup.iceandfire.dragonscales_red":35,"stat.pickup.minecraft.iron_leggings":4,"stat.mineBlock.minecraft.gravel":7,"stat.useItem.minecraft.stone_pickaxe":30,"stat.useItem.minecraft.wool":2,"stat.craftItem.iceandfire.armor_gray_boots":2,"stat.useItem.biomesoplenty.berries":1,"stat.pickup.minecraft.chainmail_boots":1,"stat.drop.minecraft.iron_axe":1,"stat.mineBlock.minecraft.monster_egg":1,"stat.useItem.minecraft.torch":9,"stat.pickup.minecraft.golden_apple":1,"stat.drop.tombstone.crafting_ingredient":1,"stat.drop.minecraft.stone_brick_stairs":1,"stat.drop.iceandfire.cyclops_eye":1,"stat.pickup.minecraft.iron_nugget":2,"stat.craftItem.minecraft.redstone_block":35,"stat.useItem.minecraft.log":2,"stat.pickup.minecraft.crafting_table":8,"stat.craftItem.minecraft.crafting_table":2,"stat.pickup.minecraft.iron_hoe":2,"stat.pickup.minecraft.log":36,"stat.useItem.minecraft.cooked_fish":6,"stat.pickup.biomesoplenty.planks_0":1,"stat.drop.minecraft.stonebrick":7,"stat.drop.minecraft.planks":1,"stat.pickup.minecraft.chainmail_leggings":1,"stat.pickup.minecraft.sapling":1,"stat.pickup.iceandfire.dragonscales_gray":38,"stat.drop.minecraft.bow":2,"stat.mineBlock.iceandfire.goldpile":22,"stat.killEntity.WitherSkeleton":3,"stat.craftItem.minecraft.cooked_chicken":1,"stat.mineBlock.iceandfire.dragon_ice_spikes":1,"stat.killEntity.cqr_triton":3,"stat.sneakTime":14098,"stat.drop.minecraft.bucket":1,"stat.useItem.minecraft.baked_potato":1,"stat.pickup.minecraft.yellow_flower":2,"stat.pickup.minecraft.chest":1,"stat.useItem.minecraft.mushroom_stew":1,"stat.pickup.minecraft.bone":16,"stat.swimOneCm":36775,"stat.climbOneCm":3588,"stat.mineBlock.minecraft.spruce_stairs":1,"stat.useItem.minecraft.dirt":13,"stat.useItem.minecraft.red_flower":1,"stat.pickup.minecraft.anvil":3,"stat.mineBlock.minecraft.magma":1,"stat.pickup.minecraft.cobblestone":44,"stat.mineBlock.minecraft.carpet":1,"stat.pickup.minecraft.gold_block":2,"stat.pickup.minecraft.glass_bottle":27,"stat.drop.minecraft.wheat_seeds":11,"stat.useItem.minecraft.cooked_beef":18,"stat.pickup.minecraft.redstone":1,"stat.drop.minecraft.log":1,"stat.pickup.minecraft.mutton":12,"stat.mineBlock.ebwizardry.arcane_workbench":1,"stat.mineBlock.biomesoplenty.log_2":19,"stat.drop.minecraft.iron_bars":23,"stat.pickup.minecraft.stonebrick":21,"stat.useItem.minecraft.cooked_porkchop":15,"stat.pickup.ebwizardry.magic_crystal":5,"stat.pickup.minecraft.iron_shovel":1,"stat.craftItem.iceandfire.armor_red_chestplate":1,"stat.craftItem.minecraft.stone_slab2":0,"stat.mineBlock.biomesoplenty.log_0":6,"stat.craftItem.minecraft.stick":4,"stat.drop.minecraft.potion":2,"stat.mineBlock.minecraft.crafting_table":7,"stat.mineBlock.minecraft.quartz_block":4,"stat.useItem.minecraft.diamond_pickaxe":22,"stat.useItem.minecraft.carrot":2,"stat.drop.iceandfire.fire_dragon_flesh":10,"stat.craftItem.iceandfire.armor_gray_chestplate":1,"stat.pickup.iceandfire.dragonbone_sword_fire":3,"stat.drop.minecraft.golden_apple":2,"stat.killEntity.ebwizardry:wizard":1,"stat.mineBlock.minecraft.planks":5,"stat.drop":148,"stat.killEntity.cyclops":1,"stat.killEntity.Sheep":13,"stat.drop.ebwizardry.spectral_dust":1,"stat.drop.minecraft.iron_boots":1,"stat.pickup.minecraft.golden_chestplate":1,"stat.drop.minecraft.bread":1,"stat.drop.minecraft.wooden_pickaxe":1,"stat.pickup.minecraft.gravel":8,"stat.useItem.minecraft.diamond_axe":316,"stat.mineBlock.minecraft.anvil":2,"stat.useItem.minecraft.apple":1,"stat.drop.minecraft.chainmail_helmet":1,"stat.useItem.minecraft.potion":9,"stat.pickup.minecraft.stone_brick_stairs":1,"stat.craftItem.travelersbackpack.backpack_tank":6,"stat.pickup.minecraft.iron_helmet":2,"stat.craftItem.minecraft.bread":102,"stat.drop.biomesoplenty.mushroom":1,"stat.drop.minecraft.bed":1,"stat.useItem.minecraft.cooked_chicken":3,"stat.mineBlock.minecraft.iron_bars":15,"stat.mineBlock.minecraft.leaves2":1,"stat.mineBlock.minecraft.stone_stairs":1,"stat.drop.minecraft.iron_hoe":1,"stat.mineBlock.minecraft.furnace":10,"stat.useItem.minecraft.wooden_pickaxe":39,"tombstone:undead_killed":190,"stat.damageDealt":49429,"stat.craftItem.minecraft.glass":63,"stat.sleepInBed":7,"stat.useItem.minecraft.crafting_table":1,"stat.killEntity.Pig":4,"stat.walkOneCm":1002684,"stat.playerKills":2,"stat.pickup.dynamictrees.birchseed":5,"stat.pickup.minecraft.stick":11,"stat.pickup.biomesoplenty.sapling_0":2,"stat.pickup.biomesoplenty.sapling_2":1,"stat.pickup.minecraft.tnt":1,"stat.drop.minecraft.iron_chestplate":3,"stat.pickup.minecraft.stone":20,"stat.mineBlock.minecraft.wool":8,"stat.pickup.minecraft.gold_ingot":4,"stat.killEntity.Skeleton":37,"stat.pickup.biomesoplenty.log_0":6,"stat.drop.iceandfire.ash":2,"stat.pickup.biomesoplenty.log_2":19,"stat.useItem.biomesoplenty.planks_0":11,"stat.killEntity.Spider":24,"stat.pickup.minecraft.bread":14,"stat.pickup.ebwizardry.runestone":2,"stat.useItem.minecraft.golden_apple":4,"stat.pickup.minecraft.spruce_stairs":1,"stat.mineBlock.minecraft.hay_block":49,"stat.mineBlock.minecraft.stone":40}