{"stat.cakeSlicesEaten":7,"stat.useItem.minecraft.bow":2,"stat.drop.minecraft.mutton":1,"stat.pickup.iceandfire.fire_dragon_flesh":10,"stat.useItem.minecraft.iron_axe":26,"stat.leaveGame":4,"stat.mineBlock.ebwizardry.crystal_flower":6,"stat.mineBlock.minecraft.cobblestone":17,"stat.drop.iceandfire.weezer_blue_album":3,"stat.killEntity.betteranimalsplus.goat":1,"stat.useItem.minecraft.mutton":2,"stat.swimOneCm":21932,"stat.useItem.minecraft.planks":28,"stat.craftItem.minecraft.shield":1,"stat.pickup.minecraft.cooked_porkchop":5,"stat.pickup.minecraft.porkchop":10,"stat.drop.ebwizardry.magic_crystal":5,"stat.useItem.minecraft.cookie":2,"stat.useItem.minecraft.dirt":10,"stat.useItem.minecraft.stone_slab2":27,"stat.pickup.minecraft.bow":1,"stat.craftItem.minecraft.golden_apple":1,"stat.craftItem.minecraft.furnace":1,"stat.pickup.minecraft.bucket":1,"stat.craftItem.minecraft.cooked_beef":5,"stat.pickup.minecraft.cobblestone":10,"stat.flyOneCm":373044,"stat.pickup.biomesoplenty.mushroom":1,"stat.pickup.minecraft.glass_bottle":17,"stat.entityKilledBy.firedragon":40,"stat.pickup.iceandfire.ash":2,"stat.useItem.minecraft.cooked_beef":5,"stat.timeSinceDeath":89496,"stat.hopperInspected":2,"stat.drop.minecraft.log":1,"stat.useItem.minecraft.iron_pickaxe":13,"stat.craftItem.minecraft.wooden_pickaxe":1,"stat.mineBlock.ebwizardry.arcane_workbench":1,"stat.pickup.ebwizardry.arcane_workbench":1,"stat.craftItem.minecraft.bed":2,"stat.drop.minecraft.iron_bars":1,"stat.pickup.minecraft.stonebrick":6,"stat.furnaceInteraction":26,"stat.useItem.minecraft.cooked_porkchop":14,"stat.pickup.ebwizardry.magic_crystal":5,"stat.killEntity.ZombieVillager":1,"stat.pickup.iceandfire.dragon_skull":5,"stat.mineBlock.minecraft.coal_ore":13,"stat.killEntity.Creeper":1,"stat.talkedToVillager":5,"stat.craftItem.iceandfire.armor_red_chestplate":1,"stat.pickup.minecraft.beef":7,"stat.mineBlock.ebwizardry.runestone":1,"stat.pickup.minecraft.furnace":5,"stat.useItem.minecraft.cooked_mutton":4,"stat.pickup.tombstone.crafting_ingredient":1,"stat.craftItem.minecraft.stone_slab2":0,"stat.sprintOneCm":308308,"stat.pickup.minecraft.iron_chestplate":1,"stat.mineBlock.biomesoplenty.log_0":6,"stat.craftItem.minecraft.stick":4,"stat.mineBlock.biomesoplenty.grass":2,"stat.killEntity.ebwizardry:evil_wizard":2,"stat.mineBlock.iceandfire.ash":1,"stat.pickup.minecraft.potion":2,"stat.mineBlock.minecraft.crafting_table":3,"stat.drop.iceandfire.fire_dragon_flesh":4,"stat.pickup.minecraft.saddle":1,"stat.craftItem.iceandfire.armor_gray_helmet":1,"stat.mineBlock.minecraft.oak_stairs":1,"stat.killEntity.ebwizardry:wizard":1,"stat.deaths":64,"stat.mineBlock.minecraft.planks":5,"stat.mineBlock.iceandfire.chared_gravel":1,"stat.drop":39,"stat.playOneMinute":116155,"stat.drop.tombstone.grave_key":1,"stat.killEntity.Sheep":2,"stat.drop.ebwizardry.spectral_dust":1,"stat.pickup.tombstone.grave_key":1,"stat.killEntity.Zombie":11,"stat.pickup.minecraft.iron_bars":5,"stat.drop.minecraft.glass_bottle":1,"stat.mineBlock.minecraft.tallgrass":14,"stat.craftItem.minecraft.cooked_mutton":4,"stat.diveOneCm":21779,"stat.chestOpened":43,"stat.useItem.minecraft.stone":7,"stat.drop.minecraft.wooden_pickaxe":1,"stat.pickup.minecraft.gravel":4,"stat.pickup.minecraft.iron_sword":2,"stat.craftItem.minecraft.cooked_porkchop":9,"stat.useItem.minecraft.apple":1,"stat.craftItem.iceandfire.armor_red_leggings":1,"stat.pickup.minecraft.gold_nugget":104,"stat.useItem.minecraft.potion":1,"stat.craftItem.biomesoplenty.planks_0":24,"stat.jump":2679,"stat.pickup.minecraft.coal":20,"stat.fallOneCm":79305,"stat.drop.minecraft.stone":3,"stat.pickup.iceandfire.chared_gravel":1,"stat.crouchOneCm":29505,"stat.pickup.iceandfire.chared_stone":1,"stat.drop.biomesoplenty.mushroom":1,"stat.craftItem.minecraft.torch":8,"stat.pickup.minecraft.dirt":20,"stat.pickup.minecraft.red_mushroom":1,"stat.useItem.biomesoplenty.plant_1":1,"stat.drop.minecraft.bed":1,"stat.useItem.minecraft.cooked_chicken":1,"stat.craftingTableInteraction":13,"stat.pickup.iceandfire.fire_dragon_heart":2,"stat.mineBlock.minecraft.iron_bars":6,"stat.pickup.minecraft.cookie":6,"stat.pickup.minecraft.iron_axe":2,"stat.pickup.minecraft.wooden_pickaxe":1,"stat.damageTaken":18416,"stat.drop.minecraft.bone":1,"stat.mineBlock.minecraft.furnace":5,"stat.useItem.minecraft.wooden_pickaxe":39,"stat.useItem.minecraft.furnace":1,"stat.pickup.iceandfire.dragonscales_red":35,"stat.mineBlock.biomesoplenty.plant_1":2,"stat.pickup.ebwizardry.crystal_flower":7,"stat.mineBlock.biomesoplenty.plant_0":16,"stat.pickup.minecraft.log2":6,"stat.pickup.minecraft.planks":34,"stat.pickup.biomesoplenty.plant_1":2,"stat.pickup.minecraft.bed":3,"stat.killEntity.hippogryph":1,"tombstone:undead_killed":13,"stat.pickup.minecraft.wheat_seeds":9,"stat.pickup.minecraft.potato":2,"stat.entityKilledBy.Zombie":1,"stat.mineBlock.minecraft.gravel":5,"stat.drop.iceandfire.fire_dragon_heart":1,"stat.drop.iceandfire.chared_gravel":1,"stat.useItem.minecraft.stone_pickaxe":30,"stat.damageDealt":8626,"stat.sleepInBed":4,"stat.craftItem.iceandfire.armor_gray_boots":1,"stat.mineBlock.minecraft.dirt":23,"stat.useItem.minecraft.crafting_table":1,"stat.killEntity.Pig":4,"stat.drop.minecraft.iron_axe":1,"stat.walkOneCm":392438,"stat.useItem.minecraft.bread":3,"stat.useItem.minecraft.torch":4,"stat.playerKills":2,"stat.drop.tombstone.crafting_ingredient":1,"stat.pickup.minecraft.iron_nugget":2,"stat.drop.minecraft.rotten_flesh":2,"stat.useItem.minecraft.log":2,"stat.pickup.minecraft.crafting_table":2,"stat.useItem.minecraft.cobblestone":1,"stat.pickup.biomesoplenty.sapling_0":2,"stat.craftItem.minecraft.crafting_table":1,"stat.mineBlock.minecraft.double_plant":5,"stat.pickup.iceandfire.weezer_blue_album":2,"stat.mineBlock.biomesoplenty.planks_0":1,"stat.mineBlock.betteranimalsplus.trillium":1,"stat.pickup.minecraft.log":9,"stat.useItem.minecraft.cooked_fish":1,"stat.pickup.biomesoplenty.planks_0":1,"stat.drop.biomesoplenty.sapling_0":2,"stat.drop.minecraft.stonebrick":3,"stat.drop.minecraft.iron_chestplate":1,"stat.craftItem.minecraft.gold_ingot":11,"stat.pickup.minecraft.stone":10,"stat.drop.minecraft.planks":1,"stat.mineBlock.minecraft.wool":6,"stat.drop.minecraft.potato":1,"stat.pickup.minecraft.sapling":1,"stat.pickup.iceandfire.dragonscales_gray":17,"stat.pickup.minecraft.gold_ingot":4,"stat.killEntity.Skeleton":6,"stat.drop.minecraft.bow":1,"stat.mineBlock.iceandfire.goldpile":22,"stat.pickup.biomesoplenty.log_0":6,"stat.mineBlock.minecraft.stonebrick":5,"stat.craftItem.minecraft.planks":48,"stat.useItem.minecraft.iron_sword":109,"stat.drop.iceandfire.ash":2,"stat.drop.iceandfire.dragonscales_red":1,"stat.useItem.biomesoplenty.planks_0":11,"stat.killEntity.Spider":2,"stat.pickup.ebwizardry.runestone":2,"stat.mobKills":34,"stat.craftItem.minecraft.cooked_chicken":1,"stat.pickup.iceandfire.dragonbone":32,"stat.useItem.minecraft.golden_apple":1,"stat.useItem.biomesoplenty.dirt":22,"stat.pickup.minecraft.diamond":1,"stat.pickup.biomesoplenty.dirt":24,"stat.pickup.minecraft.torch":1,"stat.mineBlock.iceandfire.dragon_ice_spikes":1,"stat.killEntity.ebwizardry:remnant":1,"stat.sneakTime":7639,"stat.pickup.minecraft.wool":6,"stat.killEntity.firedragon":1}