{"stats":{"minecraft:crafted":{"minecraft:cooked_porkchop":5,"minecraft:wooden_pickaxe":1,"minecraft:stone_axe":1,"minecraft:air":57,"minecraft:stick":4,"minecraft:stone_pickaxe":1},"minecraft:used":{"minecraft:stone_pickaxe":4,"minecraft:wooden_pickaxe":8,"minecraft:dirt":2,"minecraft:crafting_table":2,"minecraft:carrot":1,"minecraft:blast_furnace":1,"minecraft:apple":1,"minecraft:bread":2,"minecraft:stone_axe":16,"minecraft:furnace":1,"minecraft:cooked_porkchop":5,"alexsmobs:banana":1,"magistuarmory:face_helmet":1,"epicfight:uchigatana":67},"minecraft:custom":{"minecraft:interact_with_furnace":3,"minecraft:mob_kills":13,"minecraft:interact_with_crafting_table":5,"minecraft:open_barrel":10,"minecraft:time_since_death":20852,"minecraft:climb_one_cm":913,"minecraft:time_since_rest":20884,"minecraft:sprint_one_cm":126759,"minecraft:damage_taken":1090,"minecraft:walk_one_cm":341091,"minecraft:trigger_trapped_chest":3,"minecraft:drop":7,"minecraft:damage_dealt":3219,"minecraft:damage_dealt_absorbed":168,"minecraft:swim_one_cm":13736,"minecraft:fly_one_cm":190137,"minecraft:open_chest":1,"minecraft:crouch_one_cm":558,"minecraft:play_time":44480,"minecraft:deaths":2,"minecraft:sneak_time":90,"minecraft:walk_under_water_one_cm":1483,"minecraft:jump":765,"minecraft:interact_with_blast_furnace":1,"minecraft:walk_on_water_one_cm":3442,"minecraft:total_world_time":44480,"minecraft:fall_one_cm":16805},"minecraft:mined":{"minecraft:blackstone":6,"minecraft:basalt":3,"minecraft:crafting_table":1,"minecraft:blast_furnace":1,"minecraft:grass_block":1,"minecraft:tall_grass":17,"supplementaries:urn":2,"minecraft:furnace":1,"treechop:chopped_log":3,"minecraft:grass":6,"minecraft:vine":2,"minecraft:dirt":1,"minecraft:oak_leaves":4,"minecraft:fern":2},"minecraft:killed_by":{"untamedwilds:monitor":1,"bloodandmadness:church_doctor_crucifix":1},"minecraft:killed":{"bloodandmadness:church_doctor":1,"minecraft:pig":3,"iceandfire:amphithere":1,"untamedwilds:monitor":1,"alexsmobs:seagull":2,"bloodandmadness:church_doctor_lantern":1,"minecraft:zombie":3,"bloodandmadness:beast_patient":1,"untamedwilds:snake":1},"minecraft:dropped":{"minecraft:wheat_seeds":2,"epicfight:uchigatana":1,"minecraft:rotten_flesh":2,"minecraft:dirt":1,"minecraft:oak_wood":1,"minecraft:wooden_pickaxe":1},"minecraft:picked_up":{"minecraft:crafting_table":1,"minecraft:feather":4,"minecraft:basalt":1,"minecraft:jungle_log":13,"minecraft:wooden_pickaxe":1,"minecraft:dirt":3,"minecraft:bone":5,"minecraft:apple":1,"bloodandmadness:blood_vial":3,"untamedwilds:material_fat":1,"minecraft:wheat_seeds":2,"alexsmobs:banana":1,"minecraft:stone_pickaxe":1,"minecraft:furnace":1,"iceandfire:amphithere_feather":6,"minecraft:stick":2,"bygonenether:cobbled_blackstone":6,"magistuarmory:face_helmet":1,"minecraft:porkchop":9,"epicfight:uchigatana":1,"minecraft:blast_furnace":1,"minecraft:carrot":1,"bloodandmadness:beastblood_clump":1,"minecraft:oak_wood":15,"minecraft:rotten_flesh":3,"minecraft:stone_axe":1,"minecraft:oak_sapling":5,"bloodandmadness:blood_stone_shard":1}},"DataVersion":2975}