{"stat.cakeSlicesEaten":7,"stat.drop.minecraft.mutton":1,"stat.pickup.iceandfire.fire_dragon_flesh":10,"stat.leaveGame":2,"stat.mineBlock.ebwizardry.crystal_flower":6,"stat.mineBlock.minecraft.cobblestone":14,"stat.drop.iceandfire.weezer_blue_album":2,"stat.killEntity.betteranimalsplus.goat":1,"stat.swimOneCm":16546,"stat.useItem.minecraft.planks":26,"stat.pickup.minecraft.porkchop":10,"stat.useItem.minecraft.cookie":2,"stat.useItem.minecraft.dirt":10,"stat.useItem.minecraft.stone_slab2":21,"stat.craftItem.minecraft.furnace":1,"stat.pickup.minecraft.bucket":1,"stat.craftItem.minecraft.cooked_beef":5,"stat.pickup.minecraft.cobblestone":9,"stat.flyOneCm":237735,"stat.pickup.biomesoplenty.mushroom":1,"stat.pickup.minecraft.glass_bottle":16,"stat.entityKilledBy.firedragon":40,"stat.useItem.minecraft.cooked_beef":4,"stat.timeSinceDeath":54943,"stat.drop.minecraft.log":1,"stat.craftItem.minecraft.wooden_pickaxe":1,"stat.furnaceInteraction":18,"stat.useItem.minecraft.cooked_porkchop":9,"stat.killEntity.ZombieVillager":1,"stat.pickup.iceandfire.dragon_skull":5,"stat.mineBlock.minecraft.coal_ore":13,"stat.craftItem.iceandfire.armor_red_chestplate":1,"stat.pickup.minecraft.beef":7,"stat.mineBlock.ebwizardry.runestone":1,"stat.pickup.minecraft.furnace":4,"stat.pickup.tombstone.crafting_ingredient":1,"stat.craftItem.minecraft.stone_slab2":0,"stat.sprintOneCm":140033,"stat.craftItem.minecraft.stick":4,"stat.mineBlock.biomesoplenty.grass":2,"stat.killEntity.ebwizardry:evil_wizard":2,"stat.mineBlock.minecraft.crafting_table":2,"stat.drop.iceandfire.fire_dragon_flesh":4,"stat.pickup.minecraft.saddle":1,"stat.craftItem.iceandfire.armor_gray_helmet":1,"stat.deaths":64,"stat.mineBlock.iceandfire.chared_gravel":1,"stat.drop":21,"stat.playOneMinute":81602,"stat.drop.tombstone.grave_key":1,"stat.pickup.tombstone.grave_key":1,"stat.killEntity.Zombie":4,"stat.mineBlock.minecraft.tallgrass":11,"stat.diveOneCm":18777,"stat.chestOpened":18,"stat.useItem.minecraft.stone":7,"stat.drop.minecraft.wooden_pickaxe":1,"stat.pickup.minecraft.gravel":3,"stat.pickup.minecraft.iron_sword":1,"stat.craftItem.minecraft.cooked_porkchop":9,"stat.useItem.minecraft.apple":1,"stat.craftItem.iceandfire.armor_red_leggings":1,"stat.jump":2010,"stat.pickup.minecraft.coal":13,"stat.fallOneCm":57716,"stat.drop.minecraft.stone":3,"stat.pickup.iceandfire.chared_gravel":1,"stat.crouchOneCm":21233,"stat.pickup.iceandfire.chared_stone":1,"stat.drop.biomesoplenty.mushroom":1,"stat.pickup.minecraft.dirt":20,"stat.pickup.minecraft.red_mushroom":1,"stat.useItem.biomesoplenty.plant_1":1,"stat.useItem.minecraft.cooked_chicken":1,"stat.craftingTableInteraction":5,"stat.pickup.iceandfire.fire_dragon_heart":2,"stat.pickup.minecraft.cookie":6,"stat.pickup.minecraft.wooden_pickaxe":1,"stat.damageTaken":17698,"stat.drop.minecraft.bone":1,"stat.mineBlock.minecraft.furnace":4,"stat.useItem.minecraft.wooden_pickaxe":39,"stat.useItem.minecraft.furnace":1,"stat.pickup.iceandfire.dragonscales_red":35,"stat.mineBlock.biomesoplenty.plant_1":2,"stat.pickup.ebwizardry.crystal_flower":7,"stat.mineBlock.biomesoplenty.plant_0":13,"stat.pickup.minecraft.log2":6,"stat.pickup.minecraft.planks":32,"stat.pickup.biomesoplenty.plant_1":2,"stat.pickup.minecraft.bed":2,"stat.killEntity.hippogryph":1,"tombstone:undead_killed":4,"stat.pickup.minecraft.wheat_seeds":7,"stat.entityKilledBy.Zombie":1,"stat.mineBlock.minecraft.gravel":3,"stat.drop.iceandfire.fire_dragon_heart":1,"stat.drop.iceandfire.chared_gravel":1,"stat.useItem.minecraft.stone_pickaxe":24,"stat.damageDealt":6412,"stat.sleepInBed":3,"stat.craftItem.iceandfire.armor_gray_boots":1,"stat.mineBlock.minecraft.dirt":23,"stat.killEntity.Pig":4,"stat.walkOneCm":275997,"stat.playerKills":2,"stat.drop.tombstone.crafting_ingredient":1,"stat.pickup.minecraft.iron_nugget":2,"stat.drop.minecraft.rotten_flesh":2,"stat.useItem.minecraft.log":2,"stat.pickup.minecraft.crafting_table":2,"stat.useItem.minecraft.cobblestone":1,"stat.pickup.biomesoplenty.sapling_0":2,"stat.craftItem.minecraft.crafting_table":1,"stat.mineBlock.minecraft.double_plant":5,"stat.pickup.iceandfire.weezer_blue_album":1,"stat.mineBlock.betteranimalsplus.trillium":1,"stat.pickup.minecraft.log":9,"stat.useItem.minecraft.cooked_fish":1,"stat.pickup.minecraft.stone":10,"stat.mineBlock.minecraft.wool":6,"stat.pickup.minecraft.sapling":1,"stat.pickup.iceandfire.dragonscales_gray":17,"stat.pickup.minecraft.gold_ingot":4,"stat.killEntity.Skeleton":4,"stat.craftItem.minecraft.planks":48,"stat.useItem.minecraft.iron_sword":51,"stat.drop.iceandfire.dragonscales_red":1,"stat.killEntity.Spider":2,"stat.pickup.ebwizardry.runestone":1,"stat.mobKills":21,"stat.craftItem.minecraft.cooked_chicken":1,"stat.pickup.iceandfire.dragonbone":32,"stat.useItem.biomesoplenty.dirt":22,"stat.pickup.biomesoplenty.dirt":24,"stat.mineBlock.iceandfire.dragon_ice_spikes":1,"stat.sneakTime":6150,"stat.pickup.minecraft.wool":6,"stat.killEntity.firedragon":1}