{"stat.cakeSlicesEaten":7,"stat.chestOpened":1,"stat.pickup.iceandfire.fire_dragon_flesh":10,"stat.drop.minecraft.wooden_pickaxe":1,"stat.pickup.minecraft.gravel":3,"stat.leaveGame":1,"stat.mineBlock.ebwizardry.crystal_flower":5,"stat.mineBlock.minecraft.cobblestone":14,"stat.craftItem.minecraft.cooked_porkchop":4,"stat.craftItem.iceandfire.armor_red_leggings":1,"stat.jump":1016,"stat.swimOneCm":9445,"stat.pickup.minecraft.coal":3,"stat.fallOneCm":24353,"stat.pickup.minecraft.porkchop":10,"stat.crouchOneCm":10348,"stat.pickup.iceandfire.chared_stone":1,"stat.useItem.minecraft.cookie":2,"stat.pickup.minecraft.dirt":2,"stat.useItem.minecraft.stone_slab2":6,"stat.useItem.minecraft.cooked_chicken":1,"stat.craftingTableInteraction":5,"stat.pickup.iceandfire.fire_dragon_heart":2,"stat.craftItem.minecraft.furnace":1,"stat.pickup.minecraft.cookie":6,"stat.pickup.minecraft.wooden_pickaxe":1,"stat.damageTaken":16645,"stat.drop.minecraft.bone":1,"stat.mineBlock.minecraft.furnace":2,"stat.useItem.minecraft.wooden_pickaxe":39,"stat.pickup.iceandfire.dragonscales_red":35,"stat.pickup.minecraft.cobblestone":9,"stat.pickup.ebwizardry.crystal_flower":4,"stat.mineBlock.biomesoplenty.plant_0":4,"stat.pickup.minecraft.planks":25,"stat.flyOneCm":123427,"stat.pickup.minecraft.bed":1,"stat.entityKilledBy.firedragon":40,"stat.entityKilledBy.Zombie":1,"stat.mineBlock.minecraft.gravel":3,"stat.drop.iceandfire.fire_dragon_heart":1,"stat.useItem.minecraft.stone_pickaxe":5,"stat.damageDealt":4305,"stat.timeSinceDeath":18290,"stat.craftItem.iceandfire.armor_gray_boots":1,"stat.mineBlock.minecraft.dirt":5,"stat.craftItem.minecraft.wooden_pickaxe":1,"stat.killEntity.Pig":4,"stat.walkOneCm":166469,"stat.playerKills":2,"stat.drop.minecraft.rotten_flesh":2,"stat.useItem.minecraft.log":2,"stat.pickup.minecraft.crafting_table":2,"stat.useItem.minecraft.cobblestone":1,"stat.craftItem.minecraft.crafting_table":1,"stat.furnaceInteraction":5,"stat.killEntity.ZombieVillager":1,"stat.pickup.iceandfire.dragon_skull":3,"stat.mineBlock.minecraft.coal_ore":3,"stat.pickup.minecraft.log":8,"stat.useItem.minecraft.cooked_fish":1,"stat.craftItem.iceandfire.armor_red_chestplate":1,"stat.pickup.minecraft.furnace":2,"stat.craftItem.minecraft.stone_slab2":0,"stat.sprintOneCm":67122,"stat.pickup.iceandfire.dragonscales_gray":17,"stat.craftItem.minecraft.stick":4,"stat.killEntity.Skeleton":2,"stat.craftItem.minecraft.planks":24,"stat.drop.iceandfire.dragonscales_red":1,"stat.mineBlock.minecraft.crafting_table":2,"stat.drop.iceandfire.fire_dragon_flesh":4,"stat.mobKills":12,"stat.craftItem.iceandfire.armor_gray_helmet":1,"stat.craftItem.minecraft.cooked_chicken":1,"stat.pickup.iceandfire.dragonbone":18,"stat.deaths":64,"stat.drop":10,"stat.playOneMinute":44949,"stat.sneakTime":3203,"stat.killEntity.Zombie":2,"stat.killEntity.firedragon":1,"stat.mineBlock.minecraft.tallgrass":5,"stat.diveOneCm":9458}