{"stat.cakeSlicesEaten":7,"stat.useItem.minecraft.bow":2,"stat.drop.minecraft.mutton":1,"stat.useItem.minecraft.quartz_block":3,"stat.pickup.iceandfire.fire_dragon_flesh":10,"stat.useItem.minecraft.iron_axe":59,"stat.leaveGame":4,"stat.mineBlock.ebwizardry.crystal_flower":6,"stat.mineBlock.minecraft.cobblestone":22,"stat.drop.iceandfire.weezer_blue_album":3,"stat.killEntity.betteranimalsplus.goat":1,"stat.drop.minecraft.shield":4,"stat.useItem.minecraft.mutton":2,"stat.swimOneCm":22593,"stat.useItem.minecraft.planks":29,"stat.craftItem.minecraft.shield":1,"stat.climbOneCm":246,"stat.pickup.minecraft.cooked_porkchop":5,"stat.pickup.minecraft.porkchop":10,"stat.drop.ebwizardry.magic_crystal":5,"stat.useItem.minecraft.cookie":2,"stat.useItem.minecraft.dirt":10,"stat.useItem.minecraft.stone_slab2":31,"stat.pickup.minecraft.bow":1,"stat.mineBlock.minecraft.stone_brick_stairs":2,"stat.pickup.minecraft.rotten_flesh":6,"stat.craftItem.minecraft.golden_apple":1,"stat.craftItem.minecraft.furnace":1,"stat.pickup.minecraft.bucket":1,"stat.craftItem.minecraft.cooked_beef":5,"stat.pickup.minecraft.cobblestone":11,"stat.flyOneCm":389136,"stat.pickup.biomesoplenty.mushroom":1,"stat.pickup.minecraft.glass_bottle":20,"stat.entityKilledBy.firedragon":40,"stat.pickup.iceandfire.ash":2,"stat.useItem.minecraft.cooked_beef":5,"stat.drop.minecraft.chainmail_chestplate":1,"stat.timeSinceDeath":102096,"stat.hopperInspected":2,"stat.drop.minecraft.log":1,"stat.useItem.minecraft.iron_pickaxe":38,"stat.craftItem.minecraft.wooden_pickaxe":1,"stat.mineBlock.ebwizardry.arcane_workbench":1,"stat.pickup.ebwizardry.arcane_workbench":1,"stat.craftItem.minecraft.bed":2,"stat.drop.minecraft.iron_bars":3,"stat.mineBlock.minecraft.vine":1,"stat.pickup.minecraft.stonebrick":10,"stat.furnaceInteraction":26,"stat.drop.minecraft.gravel":2,"stat.useItem.minecraft.cooked_porkchop":14,"stat.pickup.ebwizardry.magic_crystal":5,"stat.killEntity.ZombieVillager":3,"stat.pickup.iceandfire.dragon_skull":5,"stat.mineBlock.minecraft.coal_ore":13,"stat.drop.minecraft.wool":1,"stat.killEntity.Creeper":1,"stat.pickup.minecraft.shield":4,"stat.talkedToVillager":5,"stat.craftItem.iceandfire.armor_red_chestplate":1,"stat.pickup.minecraft.beef":7,"stat.mineBlock.ebwizardry.runestone":1,"stat.pickup.minecraft.furnace":5,"stat.useItem.minecraft.cooked_mutton":4,"stat.pickup.tombstone.crafting_ingredient":1,"stat.craftItem.minecraft.stone_slab2":0,"stat.sprintOneCm":345869,"stat.pickup.minecraft.iron_chestplate":1,"stat.mineBlock.biomesoplenty.log_0":6,"stat.craftItem.minecraft.stick":4,"stat.mineBlock.biomesoplenty.grass":2,"stat.killEntity.ebwizardry:evil_wizard":2,"stat.mineBlock.iceandfire.ash":1,"stat.pickup.minecraft.potion":2,"stat.mineBlock.minecraft.crafting_table":3,"stat.mineBlock.minecraft.quartz_block":4,"stat.useItem.minecraft.diamond_pickaxe":5,"stat.drop.iceandfire.fire_dragon_flesh":4,"stat.pickup.minecraft.saddle":1,"stat.craftItem.iceandfire.armor_gray_helmet":1,"stat.mineBlock.minecraft.oak_stairs":1,"stat.killEntity.ebwizardry:wizard":1,"stat.deaths":64,"stat.mineBlock.minecraft.planks":5,"stat.mineBlock.iceandfire.chared_gravel":1,"stat.drop":68,"stat.playOneMinute":128755,"stat.drop.tombstone.grave_key":1,"stat.killEntity.Sheep":2,"stat.drop.ebwizardry.spectral_dust":1,"stat.pickup.tombstone.grave_key":1,"stat.killEntity.Zombie":30,"stat.pickup.minecraft.iron_bars":11,"stat.drop.minecraft.glass_bottle":3,"stat.mineBlock.minecraft.tallgrass":14,"stat.craftItem.minecraft.cooked_mutton":4,"stat.diveOneCm":22269,"stat.chestOpened":46,"stat.useItem.minecraft.stone":7,"stat.drop.minecraft.wooden_pickaxe":1,"stat.pickup.minecraft.gravel":7,"stat.pickup.minecraft.iron_sword":2,"stat.craftItem.minecraft.cooked_porkchop":9,"stat.useItem.minecraft.apple":1,"stat.craftItem.iceandfire.armor_red_leggings":1,"stat.drop.minecraft.chainmail_helmet":1,"stat.pickup.minecraft.gold_nugget":104,"stat.useItem.minecraft.potion":4,"stat.drop.minecraft.iron_pickaxe":1,"stat.craftItem.biomesoplenty.planks_0":24,"stat.jump":2781,"stat.pickup.minecraft.coal":20,"stat.fallOneCm":80216,"stat.drop.minecraft.stone":3,"stat.pickup.iceandfire.chared_gravel":1,"stat.crouchOneCm":31421,"stat.pickup.iceandfire.chared_stone":1,"stat.drop.biomesoplenty.mushroom":1,"stat.craftItem.minecraft.torch":8,"stat.pickup.minecraft.dirt":20,"stat.pickup.minecraft.red_mushroom":1,"stat.useItem.biomesoplenty.plant_1":1,"stat.pickup.minecraft.golden_leggings":3,"stat.drop.minecraft.bed":1,"stat.useItem.minecraft.cooked_chicken":3,"stat.craftingTableInteraction":13,"stat.pickup.iceandfire.fire_dragon_heart":2,"stat.mineBlock.minecraft.iron_bars":11,"stat.pickup.minecraft.cookie":6,"stat.pickup.minecraft.iron_axe":2,"stat.pickup.minecraft.wooden_pickaxe":1,"stat.damageTaken":19244,"stat.drop.minecraft.bone":1,"stat.mineBlock.minecraft.furnace":5,"stat.mineBlock.minecraft.torch":2,"stat.useItem.minecraft.wooden_pickaxe":39,"stat.useItem.minecraft.furnace":1,"stat.pickup.iceandfire.dragonscales_red":35,"stat.mineBlock.biomesoplenty.plant_1":2,"stat.pickup.ebwizardry.crystal_flower":7,"stat.mineBlock.biomesoplenty.plant_0":16,"stat.pickup.minecraft.log2":6,"stat.pickup.minecraft.planks":35,"stat.pickup.biomesoplenty.plant_1":2,"stat.pickup.minecraft.iron_leggings":2,"stat.pickup.minecraft.bed":3,"stat.killEntity.hippogryph":1,"tombstone:undead_killed":44,"stat.pickup.minecraft.wheat_seeds":9,"stat.pickup.minecraft.quartz_block":6,"stat.pickup.minecraft.potato":2,"stat.entityKilledBy.Zombie":1,"stat.mineBlock.minecraft.gravel":7,"stat.drop.iceandfire.fire_dragon_heart":1,"stat.drop.iceandfire.chared_gravel":1,"stat.useItem.minecraft.stone_pickaxe":30,"stat.damageDealt":14285,"stat.useItem.minecraft.wool":2,"stat.sleepInBed":4,"stat.craftItem.iceandfire.armor_gray_boots":1,"stat.killEntity.Silverfish":1,"stat.mineBlock.minecraft.dirt":23,"stat.useItem.minecraft.crafting_table":1,"stat.killEntity.Pig":4,"stat.drop.minecraft.iron_axe":1,"stat.walkOneCm":474953,"stat.useItem.minecraft.bread":6,"stat.useItem.minecraft.torch":9,"stat.pickup.minecraft.golden_apple":1,"stat.playerKills":2,"stat.drop.tombstone.crafting_ingredient":1,"stat.pickup.minecraft.iron_nugget":2,"stat.pickup.minecraft.diamond_pickaxe":1,"stat.drop.minecraft.rotten_flesh":15,"stat.useItem.minecraft.log":2,"stat.pickup.minecraft.crafting_table":2,"stat.useItem.minecraft.cobblestone":1,"stat.pickup.biomesoplenty.sapling_0":2,"stat.craftItem.minecraft.crafting_table":1,"stat.mineBlock.minecraft.double_plant":5,"stat.pickup.iceandfire.weezer_blue_album":2,"stat.mineBlock.biomesoplenty.planks_0":1,"stat.mineBlock.betteranimalsplus.trillium":1,"stat.pickup.minecraft.log":9,"stat.useItem.minecraft.cooked_fish":1,"stat.pickup.biomesoplenty.planks_0":1,"stat.drop.biomesoplenty.sapling_0":2,"stat.drop.minecraft.stonebrick":4,"stat.pickup.minecraft.iron_pickaxe":1,"stat.drop.minecraft.iron_chestplate":1,"stat.craftItem.minecraft.gold_ingot":11,"stat.pickup.minecraft.stone":10,"stat.drop.minecraft.planks":1,"stat.mineBlock.minecraft.wool":6,"stat.drop.minecraft.potato":1,"stat.pickup.minecraft.sapling":1,"stat.pickup.iceandfire.dragonscales_gray":17,"stat.pickup.minecraft.gold_ingot":4,"stat.killEntity.Skeleton":16,"stat.drop.minecraft.bow":1,"stat.mineBlock.iceandfire.goldpile":22,"stat.pickup.biomesoplenty.log_0":6,"stat.mineBlock.minecraft.stonebrick":14,"stat.craftItem.minecraft.planks":48,"stat.useItem.minecraft.iron_sword":203,"stat.drop.iceandfire.ash":2,"stat.drop.iceandfire.dragonscales_red":1,"stat.useItem.biomesoplenty.planks_0":11,"stat.killEntity.Spider":6,"stat.pickup.ebwizardry.runestone":2,"stat.mobKills":69,"stat.useItem.minecraft.stonebrick":1,"stat.craftItem.minecraft.cooked_chicken":1,"stat.pickup.iceandfire.dragonbone":32,"stat.useItem.minecraft.golden_apple":2,"stat.useItem.biomesoplenty.dirt":22,"stat.pickup.minecraft.diamond":1,"stat.pickup.biomesoplenty.dirt":24,"stat.pickup.minecraft.torch":3,"stat.mineBlock.iceandfire.dragon_ice_spikes":1,"stat.killEntity.ebwizardry:remnant":1,"stat.sneakTime":8231,"stat.pickup.minecraft.wool":6,"stat.drop.minecraft.quartz_block":1,"stat.killEntity.firedragon":1,"stat.useItem.minecraft.baked_potato":1}