{"stat.useItem.minecraft.bow":10,"stat.drop.minecraft.mutton":1,"stat.useItem.minecraft.quartz_block":3,"stat.pickup.iceandfire.fire_dragon_flesh":10,"stat.leaveGame":6,"stat.mineBlock.ebwizardry.crystal_flower":6,"stat.drop.iceandfire.weezer_blue_album":3,"stat.killEntity.betteranimalsplus.goat":1,"stat.drop.minecraft.shield":4,"stat.useItem.minecraft.mutton":2,"stat.useItem.minecraft.planks":29,"stat.craftItem.minecraft.shield":1,"stat.mineBlock.minecraft.web":1,"stat.drop.minecraft.bowl":1,"stat.pickup.minecraft.porkchop":10,"stat.drop.ebwizardry.magic_crystal":5,"stat.mineBlock.minecraft.stone_brick_stairs":2,"stat.pickup.minecraft.rotten_flesh":6,"stat.craftItem.minecraft.golden_apple":2,"stat.useItem.minecraft.red_nether_brick":12,"stat.pickup.minecraft.bucket":1,"stat.pickup.biomesoplenty.mushroom":1,"stat.entityKilledBy.firedragon":40,"stat.pickup.iceandfire.ash":2,"stat.hopperInspected":2,"stat.useItem.minecraft.iron_pickaxe":77,"stat.craftItem.minecraft.wooden_pickaxe":1,"stat.craftItem.minecraft.bed":2,"stat.mineBlock.minecraft.vine":2,"stat.furnaceInteraction":26,"stat.drop.minecraft.gravel":2,"stat.killEntity.ZombieVillager":3,"stat.pickup.iceandfire.dragon_skull":5,"stat.pickup.minecraft.beef":7,"stat.mineBlock.ebwizardry.runestone":1,"stat.pickup.minecraft.furnace":5,"stat.useItem.minecraft.cooked_mutton":11,"stat.pickup.minecraft.iron_chestplate":1,"stat.mineBlock.iceandfire.ash":1,"stat.pickup.minecraft.potion":2,"stat.killEntity.Husk":2,"stat.pickup.minecraft.saddle":1,"stat.mineBlock.minecraft.oak_stairs":1,"stat.deaths":64,"stat.mineBlock.iceandfire.chared_gravel":1,"stat.playOneMinute":155723,"stat.mineBlock.minecraft.stone_pressure_plate":4,"stat.drop.minecraft.string":1,"stat.pickup.minecraft.iron_bars":14,"stat.drop.minecraft.glass_bottle":6,"stat.mineBlock.minecraft.tallgrass":14,"stat.craftItem.minecraft.cooked_mutton":4,"stat.pickup.minecraft.cooked_mutton":4,"stat.chestOpened":68,"stat.useItem.minecraft.stone":7,"stat.pickup.minecraft.iron_sword":2,"stat.pickup.minecraft.arrow":1,"stat.craftItem.iceandfire.armor_red_leggings":1,"stat.pickup.minecraft.gold_nugget":104,"stat.drop.minecraft.iron_pickaxe":1,"stat.craftItem.biomesoplenty.planks_0":24,"stat.mineBlock.minecraft.gold_block":1,"stat.fallOneCm":83204,"stat.drop.minecraft.stone":3,"stat.crouchOneCm":36221,"stat.pickup.minecraft.red_mushroom":1,"stat.useItem.biomesoplenty.plant_1":1,"stat.pickup.minecraft.golden_leggings":3,"stat.craftingTableInteraction":15,"stat.pickup.minecraft.wooden_pickaxe":1,"stat.drop.minecraft.bone":1,"stat.mineBlock.minecraft.red_nether_brick":14,"stat.useItem.minecraft.furnace":1,"stat.pickup.iceandfire.dragonscales_red":35,"stat.mineBlock.biomesoplenty.plant_1":2,"stat.mineBlock.biomesoplenty.plant_0":16,"stat.pickup.minecraft.planks":35,"stat.pickup.biomesoplenty.plant_1":2,"stat.pickup.minecraft.iron_leggings":3,"stat.pickup.minecraft.wheat_seeds":9,"stat.mineBlock.minecraft.gravel":7,"stat.drop.iceandfire.fire_dragon_heart":1,"stat.drop.iceandfire.chared_gravel":1,"stat.useItem.minecraft.stone_pickaxe":30,"stat.useItem.minecraft.wool":2,"stat.craftItem.iceandfire.armor_gray_boots":1,"stat.mineBlock.minecraft.dirt":23,"stat.drop.minecraft.iron_axe":1,"stat.useItem.minecraft.bread":7,"stat.useItem.minecraft.torch":9,"stat.pickup.minecraft.golden_apple":1,"stat.drop.tombstone.crafting_ingredient":1,"stat.pickup.minecraft.iron_nugget":2,"stat.drop.minecraft.rotten_flesh":20,"stat.useItem.minecraft.log":2,"stat.pickup.minecraft.crafting_table":3,"stat.useItem.minecraft.cobblestone":5,"stat.pickup.minecraft.magma":9,"stat.craftItem.minecraft.crafting_table":1,"stat.useItem.minecraft.gravel":1,"stat.mineBlock.minecraft.double_plant":5,"stat.pickup.iceandfire.weezer_blue_album":2,"stat.mineBlock.betteranimalsplus.trillium":1,"stat.pickup.minecraft.log":9,"stat.useItem.minecraft.cooked_fish":6,"stat.pickup.biomesoplenty.planks_0":1,"stat.drop.minecraft.stonebrick":6,"stat.pickup.minecraft.iron_pickaxe":2,"stat.craftItem.minecraft.gold_ingot":20,"stat.drop.minecraft.planks":1,"stat.pickup.minecraft.sapling":1,"stat.pickup.iceandfire.dragonscales_gray":17,"stat.drop.minecraft.bow":1,"stat.mineBlock.iceandfire.goldpile":22,"stat.craftItem.minecraft.planks":48,"stat.useItem.minecraft.iron_sword":328,"stat.drop.iceandfire.dragonscales_red":1,"stat.killEntity.WitherSkeleton":1,"stat.useItem.minecraft.stonebrick":1,"stat.craftItem.minecraft.cooked_chicken":1,"stat.pickup.iceandfire.dragonbone":32,"stat.useItem.biomesoplenty.dirt":22,"stat.pickup.biomesoplenty.dirt":24,"stat.mineBlock.iceandfire.dragon_ice_spikes":1,"stat.pickup.minecraft.red_nether_brick":13,"stat.sneakTime":9804,"stat.pickup.minecraft.wool":8,"stat.useItem.minecraft.baked_potato":1,"stat.cakeSlicesEaten":7,"stat.useItem.minecraft.mushroom_stew":1,"stat.useItem.minecraft.iron_axe":133,"stat.mineBlock.minecraft.cobblestone":31,"stat.swimOneCm":30140,"stat.climbOneCm":1216,"stat.pickup.minecraft.enchanted_book":2,"stat.pickup.minecraft.cooked_porkchop":5,"stat.useItem.minecraft.cookie":8,"stat.useItem.minecraft.dirt":10,"stat.useItem.minecraft.stone_slab2":35,"stat.pickup.minecraft.bow":1,"stat.craftItem.minecraft.furnace":1,"stat.craftItem.minecraft.cooked_beef":5,"stat.pickup.minecraft.cobblestone":22,"stat.pickup.minecraft.gold_block":1,"stat.flyOneCm":401784,"stat.pickup.minecraft.glass_bottle":25,"stat.pickup.minecraft.nether_brick_stairs":1,"stat.useItem.minecraft.cooked_beef":5,"stat.drop.minecraft.chainmail_chestplate":1,"stat.timeSinceDeath":129064,"stat.drop.minecraft.log":1,"stat.mineBlock.ebwizardry.arcane_workbench":1,"stat.pickup.ebwizardry.arcane_workbench":1,"stat.drop.minecraft.iron_bars":3,"stat.pickup.minecraft.stonebrick":15,"stat.useItem.minecraft.cooked_porkchop":14,"stat.pickup.ebwizardry.magic_crystal":5,"stat.mineBlock.minecraft.coal_ore":13,"stat.drop.minecraft.wool":1,"stat.killEntity.Creeper":2,"stat.pickup.minecraft.shield":4,"stat.talkedToVillager":5,"stat.pickup.minecraft.string":1,"stat.craftItem.iceandfire.armor_red_chestplate":1,"stat.pickup.tombstone.crafting_ingredient":1,"stat.craftItem.minecraft.stone_slab2":0,"stat.sprintOneCm":419346,"stat.mineBlock.biomesoplenty.log_0":6,"stat.craftItem.minecraft.stick":4,"stat.mineBlock.biomesoplenty.grass":2,"stat.killEntity.ebwizardry:evil_wizard":2,"stat.drop.minecraft.potion":1,"stat.pickup.ebwizardry.amulet_wither_immunity":1,"stat.mineBlock.minecraft.crafting_table":3,"stat.mineBlock.minecraft.quartz_block":4,"stat.useItem.minecraft.diamond_pickaxe":22,"stat.drop.iceandfire.fire_dragon_flesh":4,"stat.craftItem.iceandfire.armor_gray_helmet":1,"stat.killEntity.ebwizardry:wizard":1,"stat.mineBlock.minecraft.planks":5,"stat.drop":83,"stat.drop.tombstone.grave_key":1,"stat.killEntity.Sheep":2,"stat.drop.ebwizardry.spectral_dust":1,"stat.pickup.tombstone.grave_key":1,"stat.killEntity.Zombie":71,"stat.diveOneCm":22575,"stat.drop.minecraft.wooden_pickaxe":1,"stat.pickup.minecraft.gravel":8,"stat.craftItem.minecraft.cooked_porkchop":9,"stat.useItem.minecraft.diamond_axe":9,"stat.useItem.minecraft.apple":1,"stat.drop.minecraft.chainmail_helmet":1,"stat.useItem.minecraft.potion":8,"stat.jump":2936,"stat.pickup.minecraft.coal":20,"stat.pickup.iceandfire.chared_gravel":1,"stat.pickup.iceandfire.chared_stone":1,"stat.drop.biomesoplenty.mushroom":1,"stat.craftItem.minecraft.torch":8,"stat.pickup.minecraft.dirt":20,"stat.drop.minecraft.bed":1,"stat.useItem.minecraft.cooked_chicken":3,"stat.pickup.iceandfire.fire_dragon_heart":2,"stat.mineBlock.minecraft.iron_bars":14,"stat.pickup.minecraft.cookie":12,"stat.pickup.minecraft.iron_axe":2,"stat.damageTaken":20341,"stat.mineBlock.minecraft.furnace":5,"stat.mineBlock.minecraft.torch":2,"stat.useItem.minecraft.wooden_pickaxe":39,"stat.pickup.ebwizardry.crystal_flower":7,"stat.pickup.minecraft.log2":6,"stat.pickup.minecraft.bed":3,"stat.killEntity.hippogryph":1,"tombstone:undead_killed":100,"stat.pickup.minecraft.quartz_block":6,"stat.pickup.minecraft.potato":2,"stat.entityKilledBy.Zombie":1,"stat.damageDealt":23160,"stat.sleepInBed":4,"stat.killEntity.Silverfish":1,"stat.useItem.minecraft.crafting_table":1,"stat.killEntity.Pig":4,"stat.walkOneCm":591502,"stat.playerKills":2,"stat.pickup.minecraft.diamond_pickaxe":1,"stat.pickup.biomesoplenty.sapling_0":2,"stat.mineBlock.biomesoplenty.planks_0":1,"stat.drop.biomesoplenty.sapling_0":2,"stat.drop.minecraft.iron_chestplate":1,"stat.pickup.minecraft.stone":10,"stat.mineBlock.minecraft.wool":8,"stat.drop.minecraft.potato":1,"stat.pickup.minecraft.gold_ingot":4,"stat.killEntity.Skeleton":27,"stat.pickup.biomesoplenty.log_0":6,"stat.mineBlock.minecraft.stonebrick":15,"stat.drop.iceandfire.ash":2,"stat.useItem.biomesoplenty.planks_0":11,"stat.killEntity.Spider":12,"stat.pickup.minecraft.bread":12,"stat.pickup.ebwizardry.runestone":2,"stat.mobKills":131,"stat.useItem.minecraft.golden_apple":3,"stat.pickup.minecraft.diamond":1,"stat.pickup.minecraft.torch":3,"stat.killEntity.ebwizardry:remnant":1,"stat.drop.minecraft.quartz_block":3,"stat.killEntity.firedragon":1,"stat.mineBlock.minecraft.stone":12}