{"stat.walkOneCm":148844,"stat.playerKills":2,"stat.pickup.iceandfire.fire_dragon_flesh":10,"stat.pickup.minecraft.gravel":3,"stat.drop.minecraft.rotten_flesh":2,"stat.leaveGame":1,"stat.mineBlock.ebwizardry.crystal_flower":4,"stat.useItem.minecraft.log":2,"stat.mineBlock.minecraft.cobblestone":14,"stat.useItem.minecraft.cobblestone":1,"stat.craftItem.minecraft.crafting_table":1,"stat.killEntity.ZombieVillager":1,"stat.pickup.iceandfire.dragon_skull":3,"stat.pickup.minecraft.log":8,"stat.jump":952,"stat.swimOneCm":9445,"stat.fallOneCm":23517,"stat.crouchOneCm":9823,"stat.pickup.iceandfire.chared_stone":1,"stat.useItem.minecraft.cookie":2,"stat.pickup.minecraft.dirt":2,"stat.sprintOneCm":51605,"stat.useItem.minecraft.stone_slab2":5,"stat.pickup.iceandfire.dragonscales_gray":17,"stat.craftItem.minecraft.stick":4,"stat.craftingTableInteraction":2,"stat.killEntity.Skeleton":2,"stat.pickup.iceandfire.fire_dragon_heart":2,"stat.craftItem.minecraft.furnace":1,"stat.craftItem.minecraft.planks":24,"stat.pickup.minecraft.cookie":6,"stat.drop.iceandfire.dragonscales_red":1,"stat.damageTaken":16645,"stat.drop.minecraft.bone":1,"stat.useItem.minecraft.wooden_pickaxe":14,"stat.pickup.iceandfire.dragonscales_red":35,"stat.drop.iceandfire.fire_dragon_flesh":4,"stat.mobKills":8,"stat.pickup.minecraft.cobblestone":9,"stat.pickup.ebwizardry.crystal_flower":3,"stat.pickup.iceandfire.dragonbone":18,"stat.flyOneCm":109774,"stat.deaths":64,"stat.entityKilledBy.firedragon":40,"stat.drop":9,"stat.playOneMinute":38991,"stat.entityKilledBy.Zombie":1,"stat.mineBlock.minecraft.gravel":3,"stat.drop.iceandfire.fire_dragon_heart":1,"stat.sneakTime":3014,"stat.damageDealt":3903,"stat.killEntity.Zombie":2,"stat.killEntity.firedragon":1,"stat.timeSinceDeath":12332,"stat.mineBlock.minecraft.dirt":5,"stat.craftItem.minecraft.wooden_pickaxe":1,"stat.mineBlock.minecraft.tallgrass":5,"stat.diveOneCm":9458}