{"stats":{"minecraft:crafted":{"minecraft:crafting_table":1,"minecraft:stick":4,"minecraft:wooden_pickaxe":1,"minecraft:air":36},"minecraft:used":{"minecraft:apple":5,"minecraft:bread":6,"minecraft:wooden_pickaxe":52,"minecraft:torch":1,"minecraft:mossy_cobblestone":1,"minecraft:dirt":2,"minecraft:beef":4,"minecraft:crafting_table":1,"alexsmobs:animal_dictionary":1,"minecraft:cooked_beef":1},"minecraft:custom":{"minecraft:time_since_rest":38521,"minecraft:sprint_one_cm":247897,"minecraft:interact_with_furnace":4,"minecraft:damage_taken":403,"minecraft:walk_one_cm":281962,"minecraft:mob_kills":10,"minecraft:drop":3,"minecraft:swim_one_cm":8283,"minecraft:interact_with_crafting_table":2,"minecraft:fly_one_cm":172221,"minecraft:open_barrel":8,"minecraft:open_chest":2,"minecraft:crouch_one_cm":2372,"minecraft:play_time":38521,"minecraft:walk_under_water_one_cm":6744,"minecraft:sneak_time":810,"minecraft:jump":786,"minecraft:interact_with_blast_furnace":1,"minecraft:leave_game":1,"minecraft:time_since_death":38521,"minecraft:walk_on_water_one_cm":18902,"minecraft:total_world_time":38521,"minecraft:climb_one_cm":2932,"minecraft:fall_one_cm":16444},"minecraft:mined":{"minecraft:podzol":1,"untamedwilds:block_burrow":1,"minecraft:coarse_dirt":1,"minecraft:acacia_leaves":2,"minecraft:spruce_planks":2,"quark:light_gray_framed_glass_pane":2,"quark:white_shingles":1,"minecraft:grass":2,"minecraft:grass_block":2,"minecraft:oak_log":9,"minecraft:beetroots":1,"untamedwilds:flora_titan_arum":1,"minecraft:gravel":6,"minecraft:dirt":8,"quark:dirty_glass_pane":2,"minecraft:tall_grass":1,"minecraft:stone":30,"minecraft:oak_leaves":11,"minecraft:fern":1},"minecraft:dropped":{"magistuarmory:face_helmet":1,"magistuarmory:iron_rondache":1,"bloodandmadness:blood_vial":1},"minecraft:killed":{"untamedwilds:hyena":1,"minecraft:skeleton":1,"bloodandmadness:beast_patient":1,"untamedwilds:snake":3,"quark:wraith":4},"minecraft:picked_up":{"minecraft:coarse_dirt":1,"minecraft:wheat":5,"minecraft:clay_ball":1,"minecraft:torch":1,"minecraft:gravel":5,"minecraft:enchanted_book":2,"minecraft:flint":1,"minecraft:oak_log":9,"quark:white_shingles":1,"bloodandmadness:beastblood_clump":1,"minecraft:dirt":9,"minecraft:mossy_cobblestone":1,"minecraft:raw_copper":5,"minecraft:arrow":1,"minecraft:bone":2,"minecraft:apple":5,"minecraft:beetroot":2,"bloodandmadness:blood_vial":2,"minecraft:beetroot_seeds":6,"minecraft:wheat_seeds":7,"minecraft:spruce_planks":2,"minecraft:beef":4,"quark:soul_bead":3,"minecraft:cobblestone":30}},"DataVersion":2975}