{"stats":{"minecraft:picked_up":{"minecraft:birch_log":14,"minecraft:crafting_table":1,"minecraft:charcoal":2,"minecraft:stick":3,"minecraft:cooked_porkchop":1,"minecraft:oak_log":6,"minecraft:dirt":15,"minecraft:apple":1,"minecraft:oak_sapling":4,"minecraft:birch_sapling":2,"minecraft:stripped_dark_oak_log":230,"minecraft:cobblestone":12,"minecraft:furnace":2},"minecraft:killed":{"minecraft:vex":1},"minecraft:mined":{"minecraft:furnace":2,"minecraft:stripped_dark_oak_log":1,"treechop:chopped_log":4,"minecraft:crafting_table":1,"minecraft:grass":1,"minecraft:grass_block":5,"minecraft:dirt":12,"minecraft:stone":12},"minecraft:custom":{"minecraft:time_since_rest":4649,"lootr:looted_stat":1,"champions:champion_mobs_killed":1,"minecraft:interact_with_furnace":5,"minecraft:sprint_one_cm":131897,"minecraft:damage_taken":454,"minecraft:walk_one_cm":183288,"minecraft:mob_kills":1,"minecraft:drop":2,"minecraft:damage_dealt":13,"minecraft:interact_with_crafting_table":3,"minecraft:fly_one_cm":50937,"minecraft:open_barrel":4,"minecraft:crouch_one_cm":3648,"minecraft:play_time":26371,"minecraft:deaths":1,"minecraft:sneak_time":531,"minecraft:jump":370,"minecraft:leave_game":1,"minecraft:time_since_death":4593,"minecraft:walk_on_water_one_cm":2937,"minecraft:total_world_time":26371,"minecraft:fall_one_cm":8207},"minecraft:crafted":{"minecraft:crafting_table":1,"minecraft:stick":4,"minecraft:wooden_pickaxe":1,"minecraft:furnace":1,"minecraft:stone_axe":1,"minecraft:air":32},"minecraft:used":{"minecraft:apple":1,"minecraft:bread":6,"minecraft:wooden_pickaxe":26,"minecraft:stone_axe":51,"minecraft:dirt":13,"minecraft:crafting_table":1,"minecraft:furnace":3},"minecraft:dropped":{"minecraft:dirt":2}},"DataVersion":2975}