{"stats":{"minecraft:killed":{"minecraft:sheep":2,"minecraft:pig":1,"simple_mobs:hobgob":1,"simple_mobs:toxic_goop":1},"minecraft:custom":{"minecraft:time_since_rest":7338,"minecraft:waystone_activated":1,"champions:champion_mobs_killed":2,"minecraft:interact_with_furnace":6,"minecraft:sprint_one_cm":116865,"minecraft:damage_taken":832,"minecraft:walk_one_cm":152984,"minecraft:mob_kills":6,"minecraft:damage_dealt":1003,"minecraft:swim_one_cm":10665,"minecraft:interact_with_crafting_table":4,"minecraft:fly_one_cm":71338,"minecraft:open_chest":4,"minecraft:crouch_one_cm":5088,"minecraft:play_time":38531,"minecraft:deaths":3,"minecraft:sneak_time":744,"minecraft:walk_under_water_one_cm":1985,"minecraft:jump":582,"minecraft:time_since_death":27159,"minecraft:leave_game":2,"minecraft:walk_on_water_one_cm":12085,"minecraft:sleep_in_bed":1,"minecraft:total_world_time":38531,"minecraft:fall_one_cm":7594},"minecraft:mined":{"minecraft:furnace":1,"treechop:chopped_log":1,"minecraft:crafting_table":1,"minecraft:grass_block":3,"pineapple_delight:pineapple_wild_crop":2,"minecraft:dirt":8,"minecraft:spruce_leaves":1,"minecraft:stone":15,"minecraft:oak_leaves":2,"goblinsanddungeons:urn":1},"minecraft:used":{"minecraft:cooked_mutton":3,"minecraft:stone_pickaxe":3,"minecraft:string":1,"minecraft:wooden_pickaxe":27,"epicfight:stone_greatsword":10,"minecraft:stone_axe":1,"minecraft:crafting_table":1,"minecraft:furnace":1,"minecraft:cooked_porkchop":2},"minecraft:killed_by":{"minecraft:player":1,"minecraft:skeleton":1,"simple_mobs:gob":1},"minecraft:picked_up":{"minecraft:dark_oak_sapling":2,"minecraft:stick":3,"minecraft:crafting_table":1,"simple_mobs:toxic_gland":2,"minecraft:porkchop":3,"minecraft:spruce_sapling":2,"minecraft:spruce_log":7,"minecraft:string":1,"minecraft:dirt":11,"minecraft:oak_sapling":1,"pineapple_delight:pineapple_crop":2,"minecraft:mutton":3,"minecraft:white_wool":2,"minecraft:cobblestone":15,"minecraft:furnace":1},"minecraft:crafted":{"minecraft:cooked_porkchop":3,"minecraft:crafting_table":1,"minecraft:stick":4,"minecraft:wooden_pickaxe":1,"minecraft:stone_pickaxe":1,"minecraft:furnace":1,"minecraft:stone_axe":1,"minecraft:cooked_mutton":3,"minecraft:air":28}},"DataVersion":2975}