{"stats":{"minecraft:killed_by":{"minecraft:player":2,"minecraft:zombie":5,"undead_revamp2:thepregnant":3},"minecraft:used":{"minecraft:flint_and_steel":13,"minecraft:dirt":9,"quark:quartz_vertical_slab":4,"embellishcraft:smooth_marble":3,"farmersdelight:vegetable_soup":1,"another_furniture:light_gray_curtain":4,"minecraft:quartz_block":3,"carryon:entity_item":1,"minecraft:stone_bricks":2,"pfm:brown_simple_sofa":1,"immersiveengineering:concrete":2,"apocalypsenow:construction_axe":115,"minecraft:furnace":1,"create:polished_cut_calcite_wall":2,"minecraft:cooked_beef":15,"farmersdelight:salmon_roll":1,"minecraft:water_bucket":9,"minecraft:stone_pickaxe":71,"embellishcraft:white_oak_fancy_bed":5,"minecraft:wooden_pickaxe":9,"simpleplanes:helicopter":2,"minecraft:crafting_table":1,"farmersdelight:cod_roll":2,"minecraft:oak_log":5,"minecraft:iron_door":1,"minecraft:cobblestone":9,"minecraft:potion":11,"apocalypsenow:golf_stick":21,"minecraft:bucket":9,"apocalypsenow:construction_boots":1,"apocalypsenow:human_flesh":2,"minecraft:smooth_stone":4,"embellishcraft:polished_marble":2},"minecraft:picked_up":{"car:wheel":1,"quark:spruce_ladder":2,"minecraft:potion":7,"minecraft:string":77,"minecraft:smooth_stone":4,"apocalypsenow:construction_boots":2,"immersivepetroleum:asphalt_slab":2,"minecraft:coal_block":14,"minecraft:chest":2,"minecraft:smooth_quartz_stairs":1,"minecraft:furnace":1,"minecraft:stick":2,"farmersdelight:potato_crate":1,"farmersdelight:cabbage_crate":1,"embellishcraft:smooth_marble":3,"car:canister":1,"minecraft:bowl":1,"sophisticatedbackpacks:backpack":1,"immersiveengineering:concrete":2,"minecraft:quartz_block":4,"farmersdelight:tomato_crate":1,"minecraft:rotten_flesh":87,"apocalypsenow:construction_axe":1,"quark:bamboo_mat":1,"minecraft:cod":1,"minecraft:cobblestone":16,"apocalypsenow:nurse_helmet":1,"embellishcraft:white_oak_fancy_bed":4,"tac:round45":5,"simpleplanes:helicopter":1,"minecraft:iron_door":3,"minecraft:water_bucket":1,"embellishcraft:polished_marble":4,"minecraft:oak_log":12,"minecraft:lily_pad":1,"apocalypsenow:construction_chestplate":1,"farmersdelight:carrot_crate":1,"quark:stripped_dark_oak_post":2,"minecraft:dirt":16,"another_furniture:light_gray_curtain":4,"apocalypsenow:u_sarmy_leggings":1,"minecraft:bone":108,"apocalypsenow:construction_leggings":2,"minecraft:stone_bricks":2,"apocalypsenow:human_flesh":5,"apocalypsenow:money":1,"tac:9mm_round":7,"create:polished_cut_calcite_wall":2,"quark:light_gray_shard":4,"pfm:brown_simple_sofa":1,"xpbook:xp_tome":2,"minecraft:oak_button":2,"quark:gray_shard":10,"minecraft:oak_sapling":3},"minecraft:crafted":{"apocalypsenow:construction_axe":1,"sophisticatedbackpacks:backpack":2,"minecraft:air":0,"minecraft:potion":4},"minecraft:custom":{"lootr:looted_stat":14,"minecraft:mob_kills":81,"minecraft:interact_with_crafting_table":5,"minecraft:open_barrel":3,"minecraft:damage_dealt_resisted":211,"minecraft:leave_game":4,"minecraft:time_since_death":44257,"minecraft:climb_one_cm":22740,"minecraft:sprint_one_cm":459566,"minecraft:walk_one_cm":349295,"minecraft:fridge_opened":1,"minecraft:drop":49,"minecraft:chair_used":3,"minecraft:play_time":169357,"minecraft:deaths":13,"minecraft:sneak_time":6600,"minecraft:walk_under_water_one_cm":13013,"minecraft:boat_one_cm":41399,"minecraft:jump":1299,"minecraft:drawer_searched":2,"minecraft:walk_on_water_one_cm":19017,"minecraft:total_world_time":169357,"minecraft:interact_with_furnace":4,"minecraft:toilet_used":1,"minecraft:stove_opened":1,"minecraft:trashcan_opened":1,"minecraft:sleep_in_bed":4,"minecraft:cabinet_searched":1,"minecraft:time_since_rest":36012,"minecraft:damage_taken":5022,"minecraft:damage_dealt":4648,"minecraft:swim_one_cm":6748,"minecraft:fly_one_cm":257563,"minecraft:player_kills":2,"minecraft:crouch_one_cm":17901,"minecraft:fall_one_cm":29322},"minecraft:killed":{"undead_revamp2:thesmoker":4,"minecraft:drowned":2,"minecraft:husk":5,"undead_revamp2:the_moonflower":1,"minecraft:zombie":60,"mutationcraft:assimilated_human":1,"zombie_extreme:infected_police":1,"alexsmobs:fly":1},"minecraft:mined":{"pfm:brown_simple_sofa":1,"minecraft:oak_sapling":1,"immersivepetroleum:asphalt_slab":2,"embellishcraft:white_oak_fancy_bed":3,"farmersdelight:tomato_crate":1,"minecraft:gray_stained_glass_pane":3,"minecraft:grass_block":1,"create:polished_cut_calcite_wall":2,"quark:bamboo_mat":1,"minecraft:spawner":2,"minecraft:smooth_stone":4,"minecraft:black_stained_glass_pane":2,"minecraft:furnace":1,"create:vertical_framed_glass":2,"minecraft:fire":1,"minecraft:smooth_quartz_stairs":1,"minecraft:stone":16,"create:dark_oak_window_pane":2,"minecraft:quartz_block":3,"lootr:lootr_chest":1,"farmersdelight:potato_crate":1,"farmersdelight:cabbage_crate":1,"embellishcraft:polished_marble":4,"farmersdelight:carrot_crate":1,"minecraft:cobblestone":2,"minecraft:iron_door":3,"immersiveengineering:concrete":2,"quark:stripped_dark_oak_post":2,"quark:spruce_ladder":1,"minecraft:birch_leaves":2,"embellishcraft:smooth_marble":3,"create:vertical_framed_glass_pane":4,"minecraft:oak_log":1,"another_furniture:light_gray_curtain":2,"minecraft:dirt":15,"minecraft:stone_bricks":2,"minecraft:oak_leaves":3},"minecraft:dropped":{"minecraft:smooth_quartz_stairs":1,"immersiveengineering:blueprint":1,"apocalypsenow:ballpeen_hammer":1,"quark:gray_shard":10,"refinedstorage:16k_storage_part":1,"xpbook:xp_tome":2,"minecraft:cod":1,"farmersdelight:salmon_roll":2,"immersiveengineering:plate_duroplast":1,"firstaid:bandage":1,"quark:light_gray_shard":4,"apocalypsenow:construction_leggings":1,"car:wheel":1,"embellishcraft:white_oak_fancy_bed":1,"quark:spruce_ladder":1,"ftbquests:book":1,"minecraft:lily_pad":1,"minecraft:bone":2,"minecraft:bowl":1,"minecraft:rotten_flesh":6,"sophisticatedbackpacks:backpack":2,"minecraft:quartz_block":1,"car:repair_kit":1,"tac:ae50":36,"apocalypsenow:construction_axe":1,"tac:deagle_357":1,"quark:stripped_dark_oak_post":2},"minecraft:broken":{"apocalypsenow:nurse_helmet":1}},"DataVersion":2975}