{"stats":{"minecraft:picked_up":{"minecraft:coarse_dirt":1,"minecraft:wheat":5,"minecraft:clay_ball":1,"minecraft:gravel":5,"minecraft:flint":1,"minecraft:oak_log":9,"quark:white_shingles":1,"bloodandmadness:beastblood_clump":1,"minecraft:dirt":8,"minecraft:beetroot":2,"bloodandmadness:blood_vial":2,"minecraft:beetroot_seeds":6,"minecraft:wheat_seeds":7,"minecraft:spruce_planks":2,"quark:soul_bead":3,"minecraft:cobblestone":28},"minecraft:dropped":{"bloodandmadness:blood_vial":1},"minecraft:crafted":{"minecraft:crafting_table":1,"minecraft:stick":4,"minecraft:wooden_pickaxe":1,"minecraft:air":36},"minecraft:used":{"minecraft:bread":6,"minecraft:wooden_pickaxe":50,"minecraft:dirt":2,"minecraft:crafting_table":1,"alexsmobs:animal_dictionary":1},"minecraft:mined":{"untamedwilds:block_burrow":1,"minecraft:acacia_leaves":2,"minecraft:coarse_dirt":1,"minecraft:spruce_planks":2,"quark:light_gray_framed_glass_pane":2,"quark:white_shingles":1,"minecraft:grass":2,"minecraft:grass_block":2,"minecraft:oak_log":9,"minecraft:beetroots":1,"minecraft:gravel":6,"minecraft:dirt":8,"quark:dirty_glass_pane":1,"minecraft:tall_grass":1,"minecraft:stone":28,"minecraft:oak_leaves":11},"minecraft:custom":{"minecraft:time_since_rest":25932,"minecraft:interact_with_furnace":4,"minecraft:sprint_one_cm":192089,"minecraft:damage_taken":188,"minecraft:walk_one_cm":187987,"minecraft:mob_kills":7,"minecraft:drop":1,"minecraft:swim_one_cm":8283,"minecraft:interact_with_crafting_table":2,"minecraft:fly_one_cm":149477,"minecraft:open_barrel":3,"minecraft:open_chest":1,"minecraft:crouch_one_cm":1920,"minecraft:play_time":25932,"minecraft:sneak_time":648,"minecraft:walk_under_water_one_cm":5657,"minecraft:jump":668,"minecraft:interact_with_blast_furnace":1,"minecraft:walk_on_water_one_cm":12652,"minecraft:time_since_death":25932,"minecraft:climb_one_cm":2526,"minecraft:total_world_time":25932,"minecraft:fall_one_cm":14251},"minecraft:killed":{"untamedwilds:hyena":1,"bloodandmadness:beast_patient":1,"untamedwilds:snake":1,"quark:wraith":4}},"DataVersion":2975}