{"stats":{"minecraft:mined":{"minecraft:wheat":1,"minecraft:pumpkin":1,"treechop:chopped_log":1,"minecraft:gravel":1,"goblinsanddungeons:urn":2},"minecraft:used":{"minecraft:bread":5,"minecraft:spruce_planks":1,"minecraft:iron_sword":8,"minecraft:sweet_berries":2,"minecraft:cooked_beef":6},"minecraft:dropped":{"minecraft:bread":1,"minecraft:arrow":27,"minecraft:bow":3},"minecraft:picked_up":{"minecraft:wheat":2,"apotheosis:gem":1,"minecraft:pumpkin":1,"minecraft:sweet_berries":7,"minecraft:porkchop":3,"untamedwilds:hide_bear_white":3,"minecraft:spruce_sapling":2,"minecraft:spruce_log":18,"minecraft:grass_block":1,"minecraft:spider_eye":1,"untamedwilds:food_bear_raw":4,"minecraft:pumpkin_seeds":1,"minecraft:arrow":9,"minecraft:bone":8,"untamedwilds:material_fat":1,"minecraft:wheat_seeds":3,"minecraft:emerald":2,"minecraft:iron_sword":2},"minecraft:custom":{"minecraft:time_since_rest":24619,"minecraft:waystone_activated":1,"champions:champion_mobs_killed":14,"lootr:looted_stat":2,"minecraft:sprint_one_cm":247968,"minecraft:damage_absorbed":18,"minecraft:damage_taken":632,"minecraft:walk_one_cm":277164,"minecraft:mob_kills":15,"minecraft:drop":5,"minecraft:damage_dealt":300,"minecraft:damage_dealt_absorbed":24,"minecraft:swim_one_cm":11458,"minecraft:fly_one_cm":81944,"minecraft:open_barrel":2,"minecraft:open_chest":3,"minecraft:crouch_one_cm":4817,"minecraft:play_time":65091,"minecraft:sneak_time":444,"minecraft:walk_under_water_one_cm":4482,"minecraft:jump":433,"minecraft:leave_game":1,"minecraft:time_since_death":65091,"minecraft:walk_on_water_one_cm":6578,"minecraft:sleep_in_bed":1,"minecraft:total_world_time":65091,"minecraft:climb_one_cm":888,"minecraft:fall_one_cm":1430},"minecraft:killed":{"untamedwilds:bear":1,"minecraft:skeleton":2,"hunterillager:hunterillager":2,"goblinsanddungeons:garch":3,"simple_mobs:hobgob":1,"minecraft:spider":1,"simple_mobs:gob":4,"simple_mobs:goblo":1},"minecraft:crafted":{"minecraft:air":72}},"DataVersion":2975}