{"stats":{"minecraft:picked_up":{"minecraft:stick":1,"buildersdelight:lantern_6":1,"apocalypsenow:human_flesh":2,"biomesoplenty:dead_log":5,"minecraft:bread":1,"minecraft:dirt":3},"minecraft:crafted":{"biomesoplenty:dead_planks":8,"apocalypsenow:cooked_human_flesh":2,"minecraft:air":0},"minecraft:dropped":{"minecraft:bread":1},"minecraft:custom":{"minecraft:interact_with_furnace":4,"minecraft:time_since_rest":1864,"minecraft:sprint_one_cm":47226,"minecraft:crouch_one_cm":580,"lootr:looted_stat":1,"minecraft:play_time":14678,"minecraft:deaths":2,"minecraft:damage_taken":530,"minecraft:walk_one_cm":26963,"minecraft:sneak_time":285,"minecraft:pot_flower":2,"minecraft:drop":1,"minecraft:jump":111,"minecraft:interact_with_blast_furnace":2,"minecraft:leave_game":2,"minecraft:time_since_death":1822,"minecraft:sleep_in_bed":1,"minecraft:chair_used":1,"minecraft:climb_one_cm":327,"minecraft:total_world_time":14678,"minecraft:fall_one_cm":2728,"minecraft:fly_one_cm":19639},"minecraft:used":{"minecraft:potion":2,"minecraft:wooden_pickaxe":7,"cold_sweat:boiler":1},"minecraft:mined":{"biomesoplenty:dead_log":6,"minecraft:grass_block":6,"buildersdelight:lantern_6":1}},"DataVersion":2975}