{"stats":{"minecraft:picked_up":{"minecraft:wheat":4,"minecraft:beetroot":2,"minecraft:beetroot_seeds":6,"minecraft:wheat_seeds":7,"minecraft:oak_log":9,"quark:soul_bead":2},"minecraft:used":{"minecraft:bread":5},"minecraft:mined":{"minecraft:grass":2,"untamedwilds:block_burrow":1,"minecraft:oak_log":9,"minecraft:acacia_leaves":2,"minecraft:beetroots":1,"minecraft:tall_grass":1,"minecraft:oak_leaves":11},"minecraft:custom":{"minecraft:open_barrel":3,"minecraft:open_chest":1,"minecraft:time_since_rest":13932,"minecraft:interact_with_furnace":4,"minecraft:play_time":13932,"minecraft:crouch_one_cm":453,"minecraft:sprint_one_cm":127167,"minecraft:damage_taken":20,"minecraft:walk_one_cm":73326,"minecraft:sneak_time":234,"minecraft:mob_kills":3,"minecraft:jump":386,"minecraft:interact_with_blast_furnace":1,"minecraft:time_since_death":13932,"minecraft:total_world_time":13932,"minecraft:climb_one_cm":1056,"minecraft:interact_with_crafting_table":1,"minecraft:fall_one_cm":8933,"minecraft:fly_one_cm":111520},"minecraft:killed":{"untamedwilds:snake":1,"quark:wraith":2}},"DataVersion":2975}