{"stats":{"minecraft:crafted":{"minecraft:crafting_table":1,"minecraft:wooden_pickaxe":1,"minecraft:air":36,"minecraft:stick":4},"minecraft:custom":{"minecraft:interact_with_furnace":4,"minecraft:mob_kills":18,"minecraft:interact_with_crafting_table":2,"minecraft:open_barrel":8,"minecraft:leave_game":3,"minecraft:time_since_death":266,"minecraft:climb_one_cm":5102,"minecraft:time_since_rest":293,"minecraft:sprint_one_cm":537523,"minecraft:damage_taken":2736,"minecraft:walk_one_cm":690558,"minecraft:drop":10,"minecraft:damage_dealt":456,"minecraft:damage_dealt_absorbed":2,"minecraft:swim_one_cm":61576,"minecraft:fly_one_cm":572825,"minecraft:player_kills":2,"minecraft:open_chest":2,"minecraft:crouch_one_cm":6845,"minecraft:play_time":93397,"minecraft:deaths":5,"minecraft:sneak_time":1568,"minecraft:walk_under_water_one_cm":15156,"minecraft:interact_with_lectern":2,"minecraft:jump":1334,"minecraft:interact_with_blast_furnace":1,"minecraft:walk_on_water_one_cm":42139,"minecraft:total_world_time":93397,"minecraft:fall_one_cm":23619},"minecraft:used":{"alexsmobs:spawn_egg_soul_vulture":1,"epicfight:skillbook":1,"untamedwilds:food_turtle_raw":3,"minecraft:wooden_pickaxe":52,"minecraft:torch":1,"minecraft:mossy_cobblestone":1,"minecraft:sand":1,"minecraft:dirt":2,"minecraft:crafting_table":1,"iceandfire:spawn_egg_hippocampus":1,"ef_weapon_extended:iron_knuckles":4,"minecraft:apple":5,"epicfight:iron_greatsword":4,"minecraft:grass_block":9,"minecraft:bread":6,"minecraft:beef":4,"alexsmobs:animal_dictionary":1,"minecraft:cooked_beef":12},"minecraft:mined":{"minecraft:podzol":1,"minecraft:acacia_leaves":7,"minecraft:spruce_planks":2,"untamedwilds:flora_water_hyacinth":1,"minecraft:grass_block":2,"minecraft:dead_bush":1,"minecraft:tall_grass":10,"untamedwilds:block_burrow":1,"minecraft:coarse_dirt":1,"quark:light_gray_framed_glass_pane":2,"quark:white_shingles":1,"minecraft:grass":10,"minecraft:oak_log":9,"minecraft:beetroots":1,"untamedwilds:flora_titan_arum":1,"minecraft:gravel":6,"minecraft:dirt":8,"quark:dirty_glass_pane":2,"minecraft:azalea":1,"minecraft:stone":30,"minecraft:oak_leaves":12,"minecraft:tripwire":2,"minecraft:fern":3},"minecraft:killed_by":{"minecraft:husk":1,"minecraft:player":1,"mutantmonsters:mutant_skeleton":1,"minecraft:stray":1,"minecraft:zombie":1},"minecraft:dropped":{"bloodandmadness:blood_vial":2,"magistuarmory:face_helmet":1,"minecraft:rabbit_foot":3,"paraglider:deku_leaf":1,"magistuarmory:iron_rondache":1,"untamedwilds:flora_water_hyacinth_item":1,"minecraft:wooden_pickaxe":1},"minecraft:killed":{"untamedwilds:hyena":1,"minecraft:husk":1,"untamedwilds:boar":1,"minecraft:squid":1,"untamedwilds:softshell_turtle":1,"minecraft:skeleton":1,"untamedwilds:tortoise":1,"bloodandmadness:beast_patient":1,"bloodandmadness:huntsman_axe":1,"untamedwilds:snake":6,"quark:wraith":4},"minecraft:picked_up":{"minecraft:coarse_dirt":1,"minecraft:wheat":5,"minecraft:clay_ball":1,"minecraft:wooden_pickaxe":1,"minecraft:enchanted_book":2,"minecraft:flint":1,"minecraft:oak_log":9,"minecraft:string":2,"minecraft:dirt":9,"minecraft:raw_copper":5,"untamedwilds:food_turtle_raw":3,"minecraft:bone":2,"minecraft:apple":5,"minecraft:beetroot":2,"bloodandmadness:blood_vial":4,"minecraft:wheat_seeds":10,"untamedwilds:flora_water_hyacinth_item":1,"minecraft:spruce_planks":2,"minecraft:beef":4,"quark:soul_bead":3,"minecraft:azalea":1,"minecraft:scaffolding":5,"minecraft:torch":1,"minecraft:gravel":5,"minecraft:sand":6,"bloodandmadness:beastblood_clump":2,"quark:white_shingles":1,"minecraft:mossy_cobblestone":1,"minecraft:arrow":1,"minecraft:beetroot_seeds":6,"minecraft:cobblestone":30}},"DataVersion":2975}