{"stats":{"minecraft:used":{"minecraft:potion":2,"minecraft:wooden_pickaxe":7},"minecraft:picked_up":{"minecraft:stick":1,"buildersdelight:lantern_6":1,"biomesoplenty:dead_log":5,"minecraft:bread":1,"minecraft:dirt":3},"minecraft:mined":{"biomesoplenty:dead_log":6,"minecraft:grass_block":6,"buildersdelight:lantern_6":1},"minecraft:custom":{"minecraft:time_since_rest":5687,"minecraft:play_time":5687,"minecraft:crouch_one_cm":580,"lootr:looted_stat":1,"minecraft:sprint_one_cm":33410,"minecraft:damage_taken":130,"minecraft:walk_one_cm":10764,"minecraft:sneak_time":285,"minecraft:drop":1,"minecraft:jump":70,"minecraft:leave_game":1,"minecraft:time_since_death":5687,"minecraft:climb_one_cm":16,"minecraft:total_world_time":5687,"minecraft:fall_one_cm":2041,"minecraft:fly_one_cm":11939},"minecraft:dropped":{"minecraft:bread":1}},"DataVersion":2975}