{"stats":{"minecraft:crafted":{"minecraft:crafting_table":1,"minecraft:wooden_pickaxe":1,"minecraft:air":36,"minecraft:stick":4},"minecraft:custom":{"minecraft:interact_with_furnace":4,"minecraft:mob_kills":13,"minecraft:interact_with_crafting_table":2,"minecraft:open_barrel":8,"minecraft:leave_game":1,"minecraft:time_since_death":8504,"minecraft:climb_one_cm":2932,"minecraft:time_since_rest":8534,"minecraft:sprint_one_cm":319682,"minecraft:damage_taken":650,"minecraft:walk_one_cm":355381,"minecraft:drop":8,"minecraft:swim_one_cm":10669,"minecraft:fly_one_cm":231442,"minecraft:open_chest":2,"minecraft:crouch_one_cm":3224,"minecraft:play_time":50521,"minecraft:deaths":1,"minecraft:sneak_time":908,"minecraft:walk_under_water_one_cm":6896,"minecraft:jump":930,"minecraft:interact_with_blast_furnace":1,"minecraft:walk_on_water_one_cm":22315,"minecraft:total_world_time":50521,"minecraft:fall_one_cm":17533},"minecraft:used":{"alexsmobs:spawn_egg_soul_vulture":1,"epicfight:skillbook":1,"untamedwilds:food_turtle_raw":1,"minecraft:wooden_pickaxe":52,"minecraft:torch":1,"minecraft:mossy_cobblestone":1,"minecraft:dirt":2,"minecraft:crafting_table":1,"minecraft:apple":5,"minecraft:bread":6,"minecraft:beef":4,"alexsmobs:animal_dictionary":1,"minecraft:cooked_beef":1},"minecraft:mined":{"minecraft:podzol":1,"minecraft:acacia_leaves":7,"minecraft:spruce_planks":2,"minecraft:grass_block":2,"minecraft:dead_bush":1,"minecraft:tall_grass":8,"untamedwilds:block_burrow":1,"minecraft:coarse_dirt":1,"quark:light_gray_framed_glass_pane":2,"quark:white_shingles":1,"minecraft:grass":10,"minecraft:oak_log":9,"untamedwilds:flora_titan_arum":1,"minecraft:beetroots":1,"minecraft:gravel":6,"minecraft:dirt":8,"quark:dirty_glass_pane":2,"minecraft:azalea":1,"minecraft:stone":30,"minecraft:oak_leaves":11,"minecraft:fern":3},"minecraft:killed_by":{"mutantmonsters:mutant_skeleton":1},"minecraft:dropped":{"bloodandmadness:blood_vial":1,"magistuarmory:face_helmet":1,"minecraft:rabbit_foot":3,"paraglider:deku_leaf":1,"magistuarmory:iron_rondache":1,"minecraft:wooden_pickaxe":1},"minecraft:killed":{"untamedwilds:hyena":1,"minecraft:squid":1,"untamedwilds:softshell_turtle":1,"minecraft:skeleton":1,"bloodandmadness:beast_patient":1,"bloodandmadness:huntsman_axe":1,"untamedwilds:snake":3,"quark:wraith":4},"minecraft:picked_up":{"minecraft:coarse_dirt":1,"minecraft:wheat":5,"minecraft:clay_ball":1,"minecraft:enchanted_book":2,"minecraft:flint":1,"minecraft:oak_log":9,"minecraft:dirt":9,"minecraft:raw_copper":5,"untamedwilds:food_turtle_raw":1,"minecraft:bone":2,"minecraft:beetroot":2,"minecraft:apple":5,"bloodandmadness:blood_vial":4,"minecraft:wheat_seeds":10,"minecraft:spruce_planks":2,"minecraft:beef":4,"minecraft:azalea":1,"quark:soul_bead":3,"minecraft:torch":1,"minecraft:gravel":5,"quark:white_shingles":1,"bloodandmadness:beastblood_clump":2,"minecraft:mossy_cobblestone":1,"minecraft:arrow":1,"minecraft:beetroot_seeds":6,"minecraft:cobblestone":30}},"DataVersion":2975}