{"stat.chestOpened":2,"stat.useItem.iceandfire.fire_dragon_flesh":1,"stat.pickup.iceandfire.fire_dragon_flesh":18,"stat.leaveGame":5,"stat.entityKilledBy.betteranimalsplus.shark":1,"stat.jump":667,"stat.swimOneCm":15845,"stat.fallOneCm":18386,"stat.useItem.minecraft.stone_axe":8,"stat.crouchOneCm":11835,"stat.pickup.minecraft.dirt":8,"stat.useItem.minecraft.dirt":1,"stat.useItem.minecraft.stone_slab2":8,"stat.craftingTableInteraction":3,"stat.pickup.minecraft.iron_ore":8,"stat.pickup.minecraft.rotten_flesh":1,"stat.pickup.iceandfire.fire_dragon_heart":1,"stat.craftItem.minecraft.stone_axe":1,"stat.damageTaken":3269,"stat.craftItem.minecraft.stone_pickaxe":1,"stat.useItem.minecraft.wooden_pickaxe":22,"stat.pickup.minecraft.cobblestone":13,"stat.mineBlock.biomesoplenty.plant_0":8,"stat.pickup.minecraft.reeds":1,"stat.flyOneCm":116672,"stat.pickup.minecraft.wheat_seeds":23,"stat.entityKilledBy.Zombie":2,"stat.useItem.minecraft.stone_pickaxe":26,"stat.damageDealt":2456,"stat.drop.minecraft.rabbit_foot":6,"stat.mineBlock.minecraft.iron_ore":9,"stat.timeSinceDeath":460,"stat.useItem.biomesoplenty.berries":7,"stat.mineBlock.minecraft.dirt":15,"stat.useItem.minecraft.spawn_egg":1,"stat.craftItem.minecraft.wooden_pickaxe":1,"stat.killEntity.Pig":2,"stat.walkOneCm":79161,"stat.playerKills":1,"stat.pickup.minecraft.stick":2,"stat.drop.minecraft.rotten_flesh":1,"stat.craftItem.minecraft.crafting_table":1,"stat.furnaceInteraction":2,"stat.mineBlock.minecraft.double_plant":1,"stat.pickup.iceandfire.dragon_skull":8,"stat.pickup.minecraft.rabbit_foot":5,"stat.pickup.minecraft.log":11,"stat.sprintOneCm":116776,"stat.craftItem.minecraft.stick":4,"stat.craftItem.minecraft.planks":44,"stat.killEntity.Spider":2,"stat.pickup.biomesoplenty.berries":7,"stat.drop.iceandfire.fire_dragon_flesh":7,"stat.mobKills":8,"stat.pickup.dynamictrees.oakseed":1,"stat.entityKilledBy.hippogryph":1,"stat.entityKilledBy.Creeper":1,"stat.pickup.iceandfire.dragonbone":53,"stat.deaths":9,"stat.drop":14,"stat.mineBlock.minecraft.leaves":1,"stat.playOneMinute":52048,"stat.killEntity.Sheep":2,"stat.sneakTime":3808,"stat.killEntity.Zombie":1,"stat.killEntity.firedragon":1,"stat.mineBlock.minecraft.stone":19,"stat.mineBlock.minecraft.tallgrass":4,"stat.diveOneCm":12265,"stat.pickup.minecraft.wheat":3}