{"stat.drop.minecraft.stone_pickaxe":1,"stat.useItem.minecraft.iron_axe":8,"stat.leaveGame":3,"stat.mineBlock.minecraft.cobblestone":14,"stat.craftItem.minecraft.iron_axe":1,"stat.swimOneCm":31160,"stat.climbOneCm":121,"stat.useItem.minecraft.planks":1,"stat.useItem.minecraft.dirt":8,"stat.killEntity.betteranimalsplus.boar":3,"stat.useItem.minecraft.stone_slab2":32,"stat.drop.minecraft.iron_sword":1,"stat.pickup.minecraft.rotten_flesh":2,"stat.craftItem.minecraft.furnace":1,"stat.craftItem.minecraft.stone_axe":1,"stat.craftItem.minecraft.stone_pickaxe":2,"stat.pickup.minecraft.cobblestone":121,"stat.killEntity.betteranimalsplus.brownbear":1,"stat.flyOneCm":198297,"stat.pickup.dynamictrees.spruceseed":1,"stat.entityKilledBy.firedragon":37,"stat.mineBlock.minecraft.iron_ore":11,"stat.timeSinceDeath":48866,"stat.useItem.minecraft.iron_pickaxe":1,"stat.craftItem.minecraft.wooden_pickaxe":1,"stat.craftItem.minecraft.bed":1,"stat.furnaceInteraction":10,"stat.useItem.minecraft.cooked_porkchop":1,"stat.pickup.iceandfire.dragon_skull":2,"stat.mineBlock.minecraft.coal_ore":12,"stat.craftItem.iceandfire.armor_red_chestplate":1,"stat.pickup.minecraft.furnace":2,"stat.craftItem.minecraft.stone_slab2":0,"stat.drop.minecraft.birch_fence":3,"stat.sprintOneCm":133300,"stat.pickup.biomesoplenty.flower_0":2,"stat.mineBlock.biomesoplenty.log_0":7,"stat.craftItem.minecraft.stick":8,"stat.mineBlock.biomesoplenty.grass":9,"stat.mineBlock.minecraft.crafting_table":7,"stat.craftItem.iceandfire.armor_gray_helmet":1,"stat.entityKilledBy.Creeper":1,"stat.useItem.minecraft.beef":7,"stat.killEntity.ebwizardry:wizard":1,"stat.deaths":60,"stat.drop":15,"stat.playOneMinute":82575,"stat.useItem.minecraft.wooden_sword":25,"stat.killEntity.cqr_skeleton":1,"stat.craftItem.minecraft.iron_pickaxe":1,"stat.killEntity.Zombie":7,"stat.mineBlock.minecraft.tallgrass":2,"stat.diveOneCm":32374,"stat.chestOpened":8,"stat.useItem.minecraft.fish":3,"stat.useItem.biomesoplenty.peach":1,"stat.drop.minecraft.wooden_pickaxe":1,"stat.drop.iceandfire.dragonscales_gray":17,"stat.craftItem.minecraft.cooked_porkchop":28,"stat.craftItem.iceandfire.armor_red_leggings":1,"stat.killEntity.betteranimalsplus.shark":1,"stat.craftItem.biomesoplenty.planks_0":28,"stat.jump":1667,"stat.pickup.minecraft.coal":27,"stat.fallOneCm":27945,"stat.useItem.minecraft.stone_axe":44,"stat.drop.minecraft.wooden_sword":1,"stat.crouchOneCm":7278,"stat.craftItem.minecraft.iron_ingot":11,"stat.pickup.minecraft.dirt":14,"stat.craftingTableInteraction":12,"stat.pickup.minecraft.iron_ore":11,"stat.pickup.iceandfire.fire_dragon_heart":1,"stat.damageTaken":15769,"stat.mineBlock.minecraft.furnace":2,"stat.mineBlock.minecraft.torch":2,"stat.useItem.minecraft.wooden_pickaxe":8,"stat.pickup.iceandfire.dragonscales_red":17,"stat.mineBlock.biomesoplenty.plant_1":1,"stat.craftItem.minecraft.wooden_sword":1,"stat.mineBlock.biomesoplenty.plant_0":1,"stat.pickup.minecraft.planks":2,"stat.pickup.minecraft.reeds":8,"stat.pickup.biomesoplenty.plant_1":1,"stat.pickup.minecraft.bed":2,"tombstone:undead_killed":5,"stat.drop.iceandfire.fire_dragon_heart":1,"stat.useItem.minecraft.stone_pickaxe":150,"stat.damageDealt":3877,"stat.sleepInBed":4,"stat.craftItem.iceandfire.armor_gray_boots":1,"stat.killEntity.Cow":3,"stat.mineBlock.minecraft.dirt":10,"stat.drop.minecraft.reeds":8,"stat.killEntity.Pig":5,"stat.craftItem.minecraft.iron_sword":1,"stat.walkOneCm":202402,"stat.useItem.minecraft.bread":3,"stat.mineBlock.biomesoplenty.leaves_2":2,"stat.playerKills":2,"stat.pickup.betteranimalsplus.boarhead_1":1,"stat.pickup.minecraft.stick":3,"stat.drop.minecraft.rotten_flesh":5,"stat.pickup.minecraft.crafting_table":7,"stat.useItem.minecraft.cobblestone":84,"stat.pickup.biomesoplenty.sapling_0":1,"stat.craftItem.minecraft.crafting_table":2,"stat.pickup.biomesoplenty.sapling_1":1,"stat.pickup.minecraft.log":17,"stat.pickup.minecraft.stone":10,"stat.useItem.betteranimalsplus.eel_meat_raw":3,"stat.mineBlock.minecraft.wool":3,"stat.pickup.iceandfire.dragonscales_gray":34,"stat.killEntity.Skeleton":1,"stat.craftItem.minecraft.bucket":1,"stat.pickup.biomesoplenty.log_0":7,"stat.craftItem.minecraft.planks":64,"stat.killEntity.betteranimalsplus.lamprey":1,"stat.mobKills":29,"stat.mineBlock.minecraft.log":11,"stat.entityKilledBy.hippogryph":1,"stat.pickup.minecraft.birch_fence":3,"stat.pickup.minecraft.torch":2,"stat.sneakTime":3036,"stat.pickup.minecraft.wool":3,"stat.drop.minecraft.stone_axe":1,"stat.killEntity.firedragon":1,"stat.mineBlock.cqrepoured.force_field_nexus":1,"stat.mineBlock.minecraft.stone":109}