{"stats":{"minecraft:crafted":{"minecraft:wooden_pickaxe":2,"minecraft:stone_axe":1,"minecraft:air":110,"minecraft:iron_axe":1,"minecraft:stick":4,"minecraft:iron_pickaxe":1,"minecraft:iron_ingot":6,"minecraft:stone_pickaxe":1,"minecraft:wooden_axe":1},"minecraft:used":{"minecraft:stone_pickaxe":35,"minecraft:oak_planks":41,"minecraft:wooden_pickaxe":8,"minecraft:crafting_table":5,"minecraft:spruce_stairs":1,"minecraft:acacia_sapling":1,"minecraft:stripped_spruce_log":1,"minecraft:wooden_axe":19,"minecraft:apple":7,"minecraft:iron_axe":3,"minecraft:bread":19,"minecraft:iron_pickaxe":5,"minecraft:stone_axe":11,"minecraft:basalt":1,"minecraft:enchanted_book":1,"minecraft:bow":77,"minecraft:oak_sapling":1,"supplementaries:bamboo_spikes":1,"alexsmobs:banana":1,"alexsmobs:animal_dictionary":1},"minecraft:custom":{"minecraft:interact_with_furnace":2,"minecraft:mob_kills":25,"minecraft:interact_with_crafting_table":9,"minecraft:open_barrel":12,"minecraft:leave_game":1,"minecraft:time_since_death":342,"minecraft:climb_one_cm":1330,"minecraft:time_since_rest":416,"minecraft:sprint_one_cm":297237,"minecraft:damage_taken":1506,"minecraft:walk_one_cm":302783,"minecraft:trigger_trapped_chest":3,"minecraft:drop":33,"minecraft:damage_dealt":849,"minecraft:damage_dealt_absorbed":18,"minecraft:player_kills":1,"minecraft:swim_one_cm":43829,"minecraft:fly_one_cm":264540,"minecraft:open_chest":4,"minecraft:crouch_one_cm":8959,"minecraft:play_time":60719,"minecraft:deaths":3,"minecraft:sneak_time":2445,"minecraft:walk_under_water_one_cm":6938,"minecraft:jump":973,"minecraft:walk_on_water_one_cm":21578,"minecraft:total_world_time":60719,"minecraft:fall_one_cm":18633},"minecraft:mined":{"minecraft:acacia_leaves":1,"minecraft:spruce_planks":2,"minecraft:mossy_cobblestone":1,"minecraft:blackstone":27,"supplementaries:book_pile":1,"minecraft:basalt":1,"minecraft:warped_fence":1,"minecraft:crafting_table":4,"quark:cobblestone_bricks":1,"quark:framed_glass_pane":1,"minecraft:deepslate_coal_ore":8,"minecraft:oak_planks":2,"minecraft:spawner":2,"minecraft:spruce_stairs":1,"untamedwilds:block_burrow":1,"minecraft:warped_planks":1,"supplementaries:bamboo_spikes":1,"minecraft:stripped_spruce_log":1,"treechop:chopped_log":2,"minecraft:grass":1,"minecraft:deepslate_iron_ore":6,"minecraft:stone_bricks":1,"minecraft:spruce_slab":2},"minecraft:killed_by":{"minecraft:player":1,"mutantmonsters:mutant_skeleton":1,"minecraft:skeleton":1},"minecraft:killed":{"bloodandmadness:church_doctor":1,"bloodandmadness:cloaked_beast_patient":1,"untamedwilds:big_cat":1,"minecraft:skeleton":5,"untamedwilds:catfish":1,"minecraft:zombie":10,"bloodandmadness:beast_patient":2},"minecraft:dropped":{"minecraft:enchanted_book":2,"minecraft:stone_axe":1,"minecraft:stripped_spruce_log":1,"minecraft:oak_log":1,"alexsmobs:animal_dictionary":1,"magistuarmory:face_helmet":1,"minecraft:raw_copper":5,"quark:frog_leg":1,"minecraft:mossy_cobblestone":1,"minecraft:rotten_flesh":11,"minecraft:apple":5,"bloodandmadness:beastblood_clump":1,"minecraft:warped_planks":1,"minecraft:cod":2,"minecraft:stripped_warped_hyphae":1,"quark:cobblestone_bricks":1,"minecraft:spruce_planks":2,"minecraft:warped_fence":1,"minecraft:wooden_axe":2,"minecraft:oak_sapling":9,"minecraft:spruce_slab":1,"minecraft:stone_pickaxe":1,"bloodandmadness:blood_stone_shard":1,"minecraft:beef":8,"minecraft:wooden_pickaxe":2,"minecraft:warped_wart_block":3},"minecraft:picked_up":{"minecraft:wooden_axe":1,"minecraft:crafting_table":4,"minecraft:basalt":1,"bloodandmadness:twin_blood_stone_shards":1,"minecraft:stripped_warped_hyphae":1,"minecraft:wooden_pickaxe":1,"paraglider:spirit_orb":4,"minecraft:enchanted_book":3,"minecraft:oak_log":26,"paraglider:deku_leaf":1,"minecraft:bone":10,"minecraft:warped_fence":1,"minecraft:apple":2,"bloodandmadness:blood_vial":2,"alexsmobs:banana":1,"minecraft:spruce_planks":2,"minecraft:beef":4,"minecraft:spruce_slab":1,"minecraft:oak_planks":2,"minecraft:acacia_sapling":1,"minecraft:stick":1,"minecraft:raw_iron":6,"bygonenether:cobbled_blackstone":26,"magistuarmory:face_helmet":1,"minecraft:warped_wart_block":3,"minecraft:spruce_stairs":1,"minecraft:stripped_spruce_log":3,"minecraft:warped_planks":1,"minecraft:mossy_cobblestone":1,"bloodandmadness:beastblood_clump":1,"magistuarmory:iron_rondache":1,"quark:cobblestone_bricks":1,"minecraft:arrow":7,"minecraft:rotten_flesh":12,"supplementaries:bamboo_spikes":1,"untamedwilds:hide_bigcat_tiger":3,"minecraft:oak_sapling":10,"minecraft:coal":8,"bloodandmadness:blood_stone_shard":1}},"DataVersion":2975}