{"stats":{"minecraft:crafted":{"minecraft:wooden_pickaxe":2,"minecraft:stone_axe":1,"minecraft:air":106,"minecraft:stick":4,"minecraft:stone_pickaxe":1,"minecraft:wooden_axe":1},"minecraft:used":{"minecraft:stone_pickaxe":15,"minecraft:oak_planks":36,"minecraft:wooden_pickaxe":8,"minecraft:crafting_table":4,"minecraft:spruce_stairs":1,"minecraft:acacia_sapling":1,"minecraft:stripped_spruce_log":1,"minecraft:wooden_axe":19,"minecraft:apple":6,"minecraft:bread":15,"minecraft:stone_axe":1,"minecraft:enchanted_book":1,"minecraft:bow":77,"minecraft:oak_sapling":1,"alexsmobs:banana":1,"alexsmobs:animal_dictionary":1},"minecraft:custom":{"minecraft:mob_kills":21,"minecraft:interact_with_crafting_table":7,"minecraft:open_barrel":12,"minecraft:leave_game":1,"minecraft:time_since_death":8304,"minecraft:climb_one_cm":1204,"minecraft:time_since_rest":8338,"minecraft:sprint_one_cm":223524,"minecraft:damage_taken":1133,"minecraft:walk_one_cm":240184,"minecraft:drop":30,"minecraft:damage_dealt":26,"minecraft:swim_one_cm":38398,"minecraft:fly_one_cm":213671,"minecraft:open_chest":4,"minecraft:crouch_one_cm":7984,"minecraft:play_time":48719,"minecraft:deaths":2,"minecraft:sneak_time":2017,"minecraft:walk_under_water_one_cm":4575,"minecraft:jump":832,"minecraft:walk_on_water_one_cm":15635,"minecraft:total_world_time":48719,"minecraft:fall_one_cm":16485},"minecraft:mined":{"minecraft:acacia_leaves":1,"minecraft:spruce_planks":2,"minecraft:mossy_cobblestone":1,"minecraft:blackstone":9,"supplementaries:book_pile":1,"minecraft:warped_fence":1,"minecraft:crafting_table":3,"quark:cobblestone_bricks":1,"quark:framed_glass_pane":1,"minecraft:deepslate_coal_ore":5,"minecraft:spawner":2,"minecraft:spruce_stairs":1,"untamedwilds:block_burrow":1,"minecraft:warped_planks":1,"minecraft:stripped_spruce_log":1,"treechop:chopped_log":2,"minecraft:grass":1,"minecraft:deepslate_iron_ore":4,"minecraft:stone_bricks":1,"minecraft:spruce_slab":2},"minecraft:killed_by":{"mutantmonsters:mutant_skeleton":1,"minecraft:skeleton":1},"minecraft:killed":{"bloodandmadness:church_doctor":1,"bloodandmadness:cloaked_beast_patient":1,"minecraft:skeleton":5,"minecraft:zombie":10,"bloodandmadness:beast_patient":2},"minecraft:dropped":{"minecraft:enchanted_book":2,"minecraft:stripped_spruce_log":1,"minecraft:oak_log":1,"alexsmobs:animal_dictionary":1,"minecraft:raw_copper":5,"quark:frog_leg":1,"minecraft:mossy_cobblestone":1,"minecraft:rotten_flesh":11,"minecraft:apple":5,"bloodandmadness:beastblood_clump":1,"minecraft:warped_planks":1,"minecraft:cod":2,"minecraft:stripped_warped_hyphae":1,"quark:cobblestone_bricks":1,"minecraft:spruce_planks":2,"minecraft:warped_fence":1,"minecraft:wooden_axe":2,"minecraft:oak_sapling":9,"minecraft:spruce_slab":1,"bloodandmadness:blood_stone_shard":1,"minecraft:beef":8,"minecraft:wooden_pickaxe":2,"minecraft:warped_wart_block":3},"minecraft:picked_up":{"minecraft:wooden_axe":1,"minecraft:crafting_table":3,"bloodandmadness:twin_blood_stone_shards":1,"minecraft:stripped_warped_hyphae":1,"minecraft:wooden_pickaxe":1,"paraglider:spirit_orb":4,"minecraft:enchanted_book":3,"minecraft:oak_log":26,"paraglider:deku_leaf":1,"minecraft:bone":8,"minecraft:warped_fence":1,"minecraft:apple":2,"bloodandmadness:blood_vial":2,"alexsmobs:banana":1,"minecraft:spruce_planks":2,"minecraft:beef":4,"minecraft:spruce_slab":1,"minecraft:acacia_sapling":1,"minecraft:stick":1,"minecraft:raw_iron":4,"bygonenether:cobbled_blackstone":9,"magistuarmory:face_helmet":1,"minecraft:warped_wart_block":3,"minecraft:spruce_stairs":1,"minecraft:stripped_spruce_log":3,"minecraft:warped_planks":1,"minecraft:mossy_cobblestone":1,"bloodandmadness:beastblood_clump":1,"magistuarmory:iron_rondache":1,"quark:cobblestone_bricks":1,"minecraft:arrow":7,"minecraft:rotten_flesh":12,"minecraft:oak_sapling":10,"minecraft:coal":5,"bloodandmadness:blood_stone_shard":1}},"DataVersion":2975}