{"stats":{"minecraft:crafted":{"minecraft:iron_axe":1,"minecraft:stone_pickaxe":1,"minecraft:wooden_pickaxe":2,"minecraft:stone_axe":1,"minecraft:air":110,"minecraft:stick":4,"minecraft:iron_ingot":6,"minecraft:iron_pickaxe":1,"minecraft:wooden_axe":1},"minecraft:custom":{"minecraft:mob_kills":26,"minecraft:interact_with_crafting_table":9,"minecraft:open_barrel":14,"minecraft:leave_game":4,"minecraft:time_since_death":91,"minecraft:climb_one_cm":4386,"minecraft:sprint_one_cm":448704,"minecraft:walk_one_cm":419263,"minecraft:damage_blocked_by_shield":30,"minecraft:drop":34,"minecraft:damage_dealt_absorbed":72,"minecraft:play_time":84657,"minecraft:deaths":6,"minecraft:sneak_time":2848,"minecraft:walk_under_water_one_cm":8940,"minecraft:interact_with_lectern":3,"minecraft:jump":1466,"minecraft:walk_on_water_one_cm":27934,"minecraft:total_world_time":84657,"minecraft:interact_with_furnace":2,"minecraft:time_since_rest":184,"minecraft:damage_taken":2393,"minecraft:trigger_trapped_chest":4,"minecraft:damage_dealt":1239,"minecraft:swim_one_cm":85911,"minecraft:fly_one_cm":398554,"minecraft:player_kills":1,"minecraft:open_chest":22,"minecraft:crouch_one_cm":10008,"minecraft:fall_one_cm":27814},"minecraft:used":{"minecraft:writable_book":1,"minecraft:spruce_stairs":1,"minecraft:acacia_sapling":1,"minecraft:stripped_spruce_log":1,"minecraft:wooden_axe":19,"create:crafting_blueprint":1,"minecraft:iron_axe":32,"minecraft:basalt":1,"minecraft:golden_carrot":1,"minecraft:bow":77,"minecraft:oak_sapling":1,"alexsmobs:banana":1,"minecraft:stone_pickaxe":35,"minecraft:oak_planks":62,"minecraft:wooden_pickaxe":8,"minecraft:crafting_table":5,"minecraft:apple":11,"minecraft:melon_slice":12,"minecraft:bread":19,"minecraft:iron_pickaxe":26,"minecraft:stone_axe":11,"minecraft:enchanted_book":1,"minecraft:cobblestone":1,"supplementaries:bamboo_spikes":1,"magistuarmory:iron_rondache":1,"alexsmobs:animal_dictionary":1,"minecraft:experience_bottle":2},"minecraft:mined":{"minecraft:spruce_planks":2,"minecraft:mossy_cobblestone":1,"minecraft:dark_oak_leaves":1,"minecraft:lever":1,"minecraft:chiseled_stone_bricks":2,"minecraft:spawner":2,"minecraft:smooth_stone":6,"supplementaries:bamboo_spikes":1,"minecraft:stripped_spruce_log":1,"treechop:chopped_log":2,"minecraft:deepslate_iron_ore":8,"minecraft:stone":1,"minecraft:spruce_slab":2,"minecraft:acacia_leaves":1,"minecraft:blackstone":27,"supplementaries:book_pile":1,"minecraft:basalt":1,"minecraft:warped_fence":1,"minecraft:crafting_table":4,"quark:cobblestone_bricks":1,"minecraft:melon":14,"quark:framed_glass_pane":1,"minecraft:cobblestone":1,"minecraft:deepslate_coal_ore":8,"minecraft:oak_planks":2,"supplementaries:urn":2,"minecraft:spruce_stairs":1,"untamedwilds:block_burrow":1,"minecraft:warped_planks":1,"supplementaries:hourglass":1,"minecraft:grass":7,"minecraft:cracked_stone_bricks":3,"minecraft:stone_bricks":2,"minecraft:oak_leaves":1},"minecraft:killed_by":{"minecraft:player":2,"minecraft:stray":1,"mutantmonsters:mutant_skeleton":1,"minecraft:skeleton":1},"minecraft:killed":{"bloodandmadness:church_doctor":1,"bloodandmadness:cloaked_beast_patient":1,"minecraft:skeleton":5,"untamedwilds:catfish":1,"bloodandmadness:beast_patient":2,"untamedwilds:big_cat":1,"minecraft:sheep":1,"minecraft:zombie":10},"minecraft:dropped":{"minecraft:enchanted_book":2,"minecraft:stripped_spruce_log":1,"minecraft:oak_log":1,"minecraft:mossy_cobblestone":1,"minecraft:apple":5,"bloodandmadness:beastblood_clump":1,"alexsmobs:raw_catfish":1,"minecraft:cod":2,"minecraft:stripped_warped_hyphae":1,"quark:cobblestone_bricks":1,"minecraft:wooden_axe":2,"minecraft:stone_axe":1,"alexsmobs:animal_dictionary":1,"magistuarmory:face_helmet":1,"minecraft:raw_copper":5,"quark:frog_leg":1,"minecraft:rotten_flesh":11,"minecraft:warped_planks":1,"minecraft:spruce_planks":2,"minecraft:warped_fence":1,"minecraft:oak_sapling":9,"minecraft:spruce_slab":1,"minecraft:stone_pickaxe":1,"bloodandmadness:blood_stone_shard":1,"minecraft:beef":8,"minecraft:wooden_pickaxe":2,"minecraft:warped_wart_block":3},"minecraft:picked_up":{"minecraft:wooden_axe":1,"minecraft:crafting_table":4,"minecraft:stripped_warped_hyphae":1,"bloodandmadness:twin_blood_stone_shards":1,"minecraft:wooden_pickaxe":1,"minecraft:enchanted_book":3,"alexsmobs:cooked_catfish":1,"minecraft:iron_axe":2,"minecraft:warped_fence":1,"paraglider:deku_leaf":1,"bloodandmadness:blood_vial":2,"minecraft:cracked_stone_bricks":2,"alexsmobs:banana":1,"supplementaries:hourglass":1,"minecraft:smooth_stone":6,"minecraft:spruce_planks":2,"minecraft:beef":4,"minecraft:redstone_torch":1,"minecraft:spruce_slab":1,"minecraft:melon_slice":68,"minecraft:stick":1,"minecraft:raw_iron":8,"bygonenether:cobbled_blackstone":26,"minecraft:spruce_stairs":1,"minecraft:warped_planks":1,"minecraft:redstone":1,"bloodandmadness:beastblood_clump":1,"minecraft:arrow":7,"minecraft:rotten_flesh":12,"minecraft:tropical_fish":1,"untamedwilds:hide_bigcat_tiger":3,"create:crafting_blueprint":1,"minecraft:mutton":1,"bloodandmadness:blood_stone_shard":1,"minecraft:white_wool":1,"minecraft:cobblestone":1,"minecraft:basalt":1,"paraglider:spirit_orb":4,"minecraft:oak_log":26,"minecraft:yellow_bed":1,"minecraft:bone":10,"minecraft:apple":2,"minecraft:stone_bricks":1,"minecraft:oak_planks":2,"minecraft:acacia_sapling":1,"minecraft:scaffolding":4,"magistuarmory:face_helmet":1,"minecraft:chiseled_stone_bricks":2,"minecraft:warped_wart_block":3,"minecraft:sand":1,"minecraft:stripped_spruce_log":3,"minecraft:mossy_cobblestone":1,"magistuarmory:iron_rondache":1,"quark:cobblestone_bricks":1,"alexsmobs:raw_catfish":1,"supplementaries:bamboo_spikes":1,"minecraft:lever":1,"minecraft:painting":1,"minecraft:oak_sapling":10,"minecraft:coal":8}},"DataVersion":2975}