{"stat.drop.minecraft.stone_pickaxe":1,"stat.useItem.minecraft.iron_axe":153,"stat.leaveGame":4,"stat.mineBlock.minecraft.cobblestone":16,"stat.drop.minecraft.red_mushroom":1,"stat.craftItem.minecraft.iron_axe":2,"stat.useItem.minecraft.mutton":3,"stat.swimOneCm":39347,"stat.climbOneCm":121,"stat.useItem.minecraft.planks":54,"stat.drop.minecraft.cobblestone":1,"stat.pickup.iceandfire.stymphalian_bird_feather":4,"stat.useItem.minecraft.dirt":8,"stat.killEntity.betteranimalsplus.boar":3,"stat.useItem.minecraft.stone_slab2":51,"stat.drop.minecraft.iron_sword":1,"stat.pickup.minecraft.rotten_flesh":5,"stat.craftItem.minecraft.furnace":1,"stat.drop.ebwizardry.identification_scroll":1,"stat.craftItem.minecraft.stone_axe":1,"stat.pickup.minecraft.anvil":1,"stat.craftItem.minecraft.stone_pickaxe":2,"stat.pickup.minecraft.cobblestone":133,"stat.killEntity.betteranimalsplus.brownbear":1,"stat.flyOneCm":580139,"stat.pickup.dynamictrees.spruceseed":1,"stat.entityKilledBy.firedragon":37,"stat.killEntity.Witch":2,"stat.drop.minecraft.wheat_seeds":14,"stat.mineBlock.minecraft.iron_ore":27,"stat.timeSinceDeath":120706,"stat.hopperInspected":2,"stat.useItem.minecraft.iron_pickaxe":9,"stat.craftItem.minecraft.wooden_pickaxe":1,"stat.craftItem.minecraft.bed":2,"stat.drop.minecraft.coal":7,"stat.drop.minecraft.iron_bars":1,"stat.pickup.minecraft.stonebrick":7,"stat.furnaceInteraction":25,"stat.useItem.minecraft.cooked_porkchop":23,"stat.pickup.iceandfire.dragon_skull":2,"stat.mineBlock.minecraft.coal_ore":77,"stat.pickup.minecraft.shield":1,"stat.craftItem.iceandfire.armor_red_chestplate":1,"stat.mineBlock.ebwizardry.runestone":1,"stat.pickup.minecraft.furnace":3,"stat.useItem.minecraft.cooked_mutton":3,"stat.craftItem.minecraft.stone_slab2":0,"stat.drop.minecraft.birch_fence":4,"stat.sprintOneCm":399975,"stat.pickup.biomesoplenty.flower_0":2,"stat.pickup.minecraft.iron_chestplate":1,"stat.mineBlock.biomesoplenty.log_0":19,"stat.craftItem.minecraft.stick":8,"stat.mineBlock.biomesoplenty.grass":9,"stat.killEntity.ebwizardry:evil_wizard":3,"stat.pickup.ebwizardry.amulet_wither_immunity":3,"stat.mineBlock.minecraft.crafting_table":8,"stat.useItem.minecraft.diamond_pickaxe":101,"stat.craftItem.iceandfire.armor_gray_helmet":1,"stat.entityKilledBy.Creeper":1,"stat.useItem.minecraft.beef":7,"stat.killEntity.ebwizardry:wizard":1,"stat.deaths":60,"stat.drop":55,"stat.playOneMinute":154415,"stat.useItem.minecraft.wooden_sword":25,"stat.drop.minecraft.string":2,"stat.killEntity.Sheep":20,"stat.killEntity.cqr_skeleton":1,"stat.pickup.tombstone.grave_key":1,"stat.craftItem.minecraft.iron_pickaxe":1,"stat.craftItem.minecraft.diamond_pickaxe":1,"stat.killEntity.Zombie":16,"stat.pickup.minecraft.iron_bars":11,"stat.mineBlock.minecraft.tallgrass":3,"stat.craftItem.minecraft.cooked_mutton":38,"stat.diveOneCm":36940,"stat.chestOpened":47,"stat.useItem.minecraft.fish":3,"stat.useItem.biomesoplenty.peach":1,"stat.drop.minecraft.wooden_pickaxe":1,"stat.drop.iceandfire.dragonscales_gray":17,"stat.pickup.minecraft.gravel":3,"stat.craftItem.minecraft.cooked_porkchop":28,"stat.mineBlock.minecraft.anvil":1,"stat.useItem.minecraft.apple":3,"stat.craftItem.iceandfire.armor_red_leggings":1,"stat.pickup.minecraft.gold_nugget":10,"stat.killEntity.betteranimalsplus.shark":1,"stat.drop.minecraft.iron_pickaxe":1,"stat.craftItem.biomesoplenty.planks_0":76,"stat.jump":3442,"stat.pickup.minecraft.coal":93,"stat.fallOneCm":90906,"stat.useItem.minecraft.stone_axe":44,"stat.pickup.iceandfire.chared_gravel":1,"stat.drop.minecraft.wooden_sword":1,"stat.crouchOneCm":12539,"stat.craftItem.minecraft.iron_ingot":25,"stat.craftItem.minecraft.torch":28,"stat.drop.minecraft.book":1,"stat.pickup.minecraft.dirt":16,"stat.pickup.minecraft.red_mushroom":1,"stat.craftingTableInteraction":19,"stat.pickup.minecraft.iron_ore":25,"stat.pickup.iceandfire.fire_dragon_heart":1,"stat.mineBlock.minecraft.iron_bars":6,"stat.pickup.minecraft.iron_axe":1,"stat.damageTaken":17626,"stat.mineBlock.minecraft.furnace":3,"stat.mineBlock.minecraft.torch":2,"stat.useItem.minecraft.wooden_pickaxe":8,"stat.pickup.iceandfire.dragonscales_red":17,"stat.mineBlock.biomesoplenty.plant_1":1,"stat.craftItem.minecraft.wooden_sword":1,"stat.mineBlock.biomesoplenty.plant_0":3,"stat.pickup.minecraft.log2":7,"stat.pickup.minecraft.planks":2,"stat.pickup.minecraft.reeds":8,"stat.pickup.biomesoplenty.plant_1":1,"stat.pickup.minecraft.bed":6,"tombstone:undead_killed":25,"stat.pickup.minecraft.wheat_seeds":14,"stat.drop.iceandfire.fire_dragon_heart":1,"stat.drop.iceandfire.chared_gravel":1,"stat.useItem.minecraft.stone_pickaxe":150,"stat.damageDealt":10549,"stat.sleepInBed":8,"stat.craftItem.iceandfire.armor_gray_boots":1,"stat.pickup.iceandfire.dragon_ice_spikes":1,"stat.killEntity.Cow":3,"stat.mineBlock.minecraft.dirt":12,"stat.useItem.minecraft.crafting_table":1,"stat.drop.minecraft.reeds":8,"stat.killEntity.Pig":5,"stat.craftItem.minecraft.iron_sword":1,"stat.useItem.minecraft.iron_bars":2,"stat.drop.minecraft.iron_axe":1,"stat.walkOneCm":351980,"stat.useItem.minecraft.bread":8,"stat.useItem.minecraft.torch":5,"stat.mineBlock.biomesoplenty.leaves_2":2,"stat.playerKills":2,"stat.pickup.betteranimalsplus.boarhead_1":1,"stat.pickup.ebwizardry.amulet_banishing":2,"stat.pickup.minecraft.stick":3,"stat.drop.minecraft.rotten_flesh":8,"stat.pickup.minecraft.crafting_table":8,"stat.useItem.minecraft.cobblestone":100,"stat.pickup.biomesoplenty.sapling_0":1,"stat.craftItem.minecraft.crafting_table":2,"stat.pickup.biomesoplenty.sapling_1":1,"stat.pickup.iceandfire.weezer_blue_album":2,"stat.pickup.minecraft.log":17,"stat.drop.minecraft.stonebrick":1,"stat.pickup.minecraft.stone":11,"stat.useItem.betteranimalsplus.eel_meat_raw":3,"stat.mineBlock.minecraft.wool":3,"stat.drop.minecraft.gold_nugget":10,"stat.pickup.minecraft.sapling":3,"stat.pickup.iceandfire.dragonscales_gray":34,"stat.pickup.minecraft.gold_ingot":4,"stat.killEntity.Skeleton":8,"stat.craftItem.minecraft.bucket":1,"stat.pickup.biomesoplenty.log_0":19,"stat.craftItem.minecraft.planks":104,"stat.useItem.biomesoplenty.planks_0":31,"stat.killEntity.Spider":3,"stat.killEntity.stymphalianbird":1,"stat.pickup.ebwizardry.runestone":2,"stat.killEntity.betteranimalsplus.lamprey":2,"stat.mobKills":83,"stat.pickup.minecraft.book":1,"stat.useItem.minecraft.stonebrick":4,"stat.mineBlock.minecraft.log":11,"stat.entityKilledBy.hippogryph":1,"stat.pickup.minecraft.birch_fence":5,"stat.pickup.minecraft.diamond":1,"stat.pickup.minecraft.torch":2,"stat.sneakTime":4829,"stat.pickup.minecraft.wool":4,"stat.drop.minecraft.stone_axe":1,"stat.drop.minecraft.bucket":1,"stat.killEntity.firedragon":1,"stat.mineBlock.cqrepoured.force_field_nexus":1,"stat.mineBlock.minecraft.stone":118}