{"stats":{"minecraft:picked_up":{"minecraft:stick":1,"minecraft:crafting_table":2,"minecraft:oak_log":26,"minecraft:stripped_spruce_log":1,"bloodandmadness:beastblood_clump":1,"quark:cobblestone_bricks":1,"minecraft:warped_fence":1,"minecraft:bone":2,"minecraft:rotten_flesh":1,"minecraft:apple":2,"minecraft:spruce_slab":1,"minecraft:oak_sapling":10,"bloodandmadness:blood_stone_shard":1},"minecraft:dropped":{"minecraft:oak_sapling":9},"minecraft:crafted":{"minecraft:stick":4,"minecraft:wooden_pickaxe":1,"minecraft:wooden_axe":1,"minecraft:air":105},"minecraft:used":{"minecraft:wooden_axe":6,"minecraft:apple":2,"minecraft:bread":2,"minecraft:oak_planks":18,"minecraft:wooden_pickaxe":2,"minecraft:bow":17,"minecraft:crafting_table":2,"minecraft:oak_sapling":1},"minecraft:mined":{"untamedwilds:block_burrow":1,"minecraft:warped_fence":1,"minecraft:stripped_spruce_log":1,"treechop:chopped_log":1,"minecraft:crafting_table":2,"quark:cobblestone_bricks":1,"minecraft:grass":1,"quark:framed_glass_pane":1,"minecraft:stone_bricks":1,"minecraft:spruce_slab":1},"minecraft:custom":{"minecraft:time_since_rest":12219,"minecraft:sprint_one_cm":55046,"minecraft:damage_taken":120,"minecraft:walk_one_cm":41812,"minecraft:mob_kills":4,"minecraft:drop":1,"minecraft:damage_dealt":3,"minecraft:swim_one_cm":4798,"minecraft:interact_with_crafting_table":2,"minecraft:fly_one_cm":51785,"minecraft:crouch_one_cm":2589,"minecraft:play_time":12219,"minecraft:sneak_time":324,"minecraft:walk_under_water_one_cm":258,"minecraft:jump":218,"minecraft:time_since_death":12219,"minecraft:walk_on_water_one_cm":1426,"minecraft:total_world_time":12219,"minecraft:fall_one_cm":4689},"minecraft:killed":{"minecraft:skeleton":1,"minecraft:zombie":2,"bloodandmadness:beast_patient":1}},"DataVersion":2975}