{"stat.chestOpened":4,"stat.useItem.minecraft.fish":3,"stat.drop.minecraft.wooden_pickaxe":1,"stat.leaveGame":3,"stat.drop.iceandfire.dragonscales_gray":17,"stat.mineBlock.minecraft.cobblestone":14,"stat.craftItem.minecraft.cooked_porkchop":10,"stat.craftItem.iceandfire.armor_red_leggings":1,"stat.killEntity.betteranimalsplus.shark":1,"stat.jump":1233,"stat.swimOneCm":29490,"stat.pickup.minecraft.coal":22,"stat.fallOneCm":23973,"stat.climbOneCm":24,"stat.useItem.minecraft.stone_axe":26,"stat.drop.minecraft.wooden_sword":1,"stat.crouchOneCm":5841,"stat.pickup.minecraft.dirt":2,"stat.useItem.minecraft.stone_slab2":15,"stat.craftingTableInteraction":7,"stat.pickup.minecraft.rotten_flesh":2,"stat.pickup.iceandfire.fire_dragon_heart":1,"stat.craftItem.minecraft.furnace":1,"stat.craftItem.minecraft.stone_axe":1,"stat.damageTaken":15723,"stat.craftItem.minecraft.stone_pickaxe":1,"stat.mineBlock.minecraft.furnace":1,"stat.useItem.minecraft.wooden_pickaxe":8,"stat.pickup.iceandfire.dragonscales_red":17,"stat.pickup.minecraft.cobblestone":40,"stat.mineBlock.biomesoplenty.plant_1":1,"stat.craftItem.minecraft.wooden_sword":1,"stat.pickup.minecraft.reeds":8,"stat.pickup.biomesoplenty.plant_1":1,"stat.killEntity.betteranimalsplus.brownbear":1,"stat.flyOneCm":158706,"stat.entityKilledBy.firedragon":37,"tombstone:undead_killed":3,"stat.drop.iceandfire.fire_dragon_heart":1,"stat.useItem.minecraft.stone_pickaxe":46,"stat.damageDealt":3084,"stat.sleepInBed":2,"stat.timeSinceDeath":25639,"stat.craftItem.iceandfire.armor_gray_boots":1,"stat.killEntity.Cow":3,"stat.mineBlock.minecraft.dirt":1,"stat.drop.minecraft.reeds":8,"stat.craftItem.minecraft.wooden_pickaxe":1,"stat.killEntity.Pig":5,"stat.walkOneCm":168573,"stat.craftItem.minecraft.bed":1,"stat.mineBlock.biomesoplenty.leaves_2":2,"stat.playerKills":2,"stat.drop.minecraft.rotten_flesh":5,"stat.pickup.minecraft.crafting_table":4,"stat.useItem.minecraft.cobblestone":21,"stat.craftItem.minecraft.crafting_table":1,"stat.pickup.biomesoplenty.sapling_1":1,"stat.furnaceInteraction":3,"stat.useItem.minecraft.cooked_porkchop":1,"stat.pickup.iceandfire.dragon_skull":2,"stat.mineBlock.minecraft.coal_ore":12,"stat.pickup.minecraft.log":17,"stat.craftItem.iceandfire.armor_red_chestplate":1,"stat.pickup.minecraft.furnace":1,"stat.craftItem.minecraft.stone_slab2":0,"stat.useItem.betteranimalsplus.eel_meat_raw":3,"stat.mineBlock.minecraft.wool":3,"stat.sprintOneCm":91794,"stat.pickup.iceandfire.dragonscales_gray":34,"stat.craftItem.minecraft.stick":8,"stat.mineBlock.biomesoplenty.grass":7,"stat.killEntity.Skeleton":1,"stat.craftItem.minecraft.planks":64,"stat.mineBlock.minecraft.crafting_table":4,"stat.killEntity.betteranimalsplus.lamprey":1,"stat.mobKills":24,"stat.mineBlock.minecraft.log":11,"stat.craftItem.iceandfire.armor_gray_helmet":1,"stat.entityKilledBy.hippogryph":1,"stat.entityKilledBy.Creeper":1,"stat.useItem.minecraft.beef":7,"stat.killEntity.ebwizardry:wizard":1,"stat.deaths":60,"stat.drop":9,"stat.playOneMinute":59348,"stat.useItem.minecraft.wooden_sword":25,"stat.pickup.minecraft.torch":1,"stat.killEntity.cqr_skeleton":1,"stat.sneakTime":2663,"stat.pickup.minecraft.wool":3,"stat.killEntity.firedragon":1,"stat.killEntity.Zombie":5,"stat.mineBlock.minecraft.stone":20,"stat.mineBlock.minecraft.tallgrass":1,"stat.diveOneCm":30466}