{"stat.chestOpened":4,"stat.useItem.minecraft.fish":2,"stat.drop.minecraft.wooden_pickaxe":1,"stat.leaveGame":2,"stat.drop.iceandfire.dragonscales_gray":17,"stat.mineBlock.minecraft.cobblestone":13,"stat.craftItem.iceandfire.armor_red_leggings":1,"stat.killEntity.betteranimalsplus.shark":1,"stat.jump":1031,"stat.swimOneCm":28605,"stat.fallOneCm":20298,"stat.useItem.minecraft.stone_axe":1,"stat.drop.minecraft.wooden_sword":1,"stat.crouchOneCm":4440,"stat.useItem.minecraft.stone_slab2":7,"stat.craftingTableInteraction":4,"stat.pickup.minecraft.rotten_flesh":2,"stat.pickup.iceandfire.fire_dragon_heart":1,"stat.craftItem.minecraft.stone_axe":1,"stat.damageTaken":15686,"stat.craftItem.minecraft.stone_pickaxe":1,"stat.useItem.minecraft.wooden_pickaxe":8,"stat.pickup.iceandfire.dragonscales_red":17,"stat.pickup.minecraft.cobblestone":11,"stat.mineBlock.biomesoplenty.plant_1":1,"stat.craftItem.minecraft.wooden_sword":1,"stat.pickup.minecraft.reeds":8,"stat.pickup.biomesoplenty.plant_1":1,"stat.flyOneCm":143450,"stat.entityKilledBy.firedragon":37,"stat.drop.iceandfire.fire_dragon_heart":1,"stat.useItem.minecraft.stone_pickaxe":5,"stat.damageDealt":1542,"stat.timeSinceDeath":13486,"stat.craftItem.iceandfire.armor_gray_boots":1,"stat.mineBlock.minecraft.dirt":1,"stat.drop.minecraft.reeds":8,"stat.craftItem.minecraft.wooden_pickaxe":1,"stat.walkOneCm":130759,"stat.mineBlock.biomesoplenty.leaves_2":2,"stat.playerKills":2,"stat.drop.minecraft.rotten_flesh":5,"stat.pickup.minecraft.crafting_table":3,"stat.craftItem.minecraft.crafting_table":1,"stat.pickup.biomesoplenty.sapling_1":1,"stat.pickup.iceandfire.dragon_skull":2,"stat.pickup.minecraft.log":17,"stat.craftItem.iceandfire.armor_red_chestplate":1,"stat.useItem.betteranimalsplus.eel_meat_raw":3,"stat.sprintOneCm":72274,"stat.pickup.iceandfire.dragonscales_gray":34,"stat.craftItem.minecraft.stick":8,"stat.killEntity.Skeleton":1,"stat.craftItem.minecraft.planks":64,"stat.mineBlock.minecraft.crafting_table":3,"stat.killEntity.betteranimalsplus.lamprey":1,"stat.mobKills":12,"stat.mineBlock.minecraft.log":11,"stat.craftItem.iceandfire.armor_gray_helmet":1,"stat.entityKilledBy.hippogryph":1,"stat.entityKilledBy.Creeper":1,"stat.killEntity.ebwizardry:wizard":1,"stat.deaths":60,"stat.drop":9,"stat.playOneMinute":47195,"stat.useItem.minecraft.wooden_sword":25,"stat.sneakTime":1912,"stat.killEntity.firedragon":1,"stat.killEntity.Zombie":3,"stat.mineBlock.minecraft.tallgrass":1,"stat.diveOneCm":29956}