{"stats":{"minecraft:picked_up":{"minecraft:stick":1,"minecraft:crafting_table":2,"minecraft:stripped_warped_hyphae":1,"minecraft:warped_wart_block":3,"paraglider:spirit_orb":2,"minecraft:oak_log":26,"minecraft:stripped_spruce_log":3,"minecraft:warped_planks":1,"minecraft:mossy_cobblestone":1,"bloodandmadness:beastblood_clump":1,"quark:cobblestone_bricks":1,"minecraft:arrow":5,"minecraft:warped_fence":1,"minecraft:bone":6,"minecraft:rotten_flesh":11,"minecraft:apple":2,"minecraft:spruce_planks":2,"minecraft:spruce_slab":1,"minecraft:oak_sapling":10,"minecraft:acacia_sapling":1,"bloodandmadness:blood_stone_shard":1},"minecraft:dropped":{"minecraft:stripped_spruce_log":1,"quark:cobblestone_bricks":1,"minecraft:oak_sapling":9,"minecraft:spruce_slab":1,"minecraft:warped_planks":1},"minecraft:crafted":{"minecraft:stick":4,"minecraft:wooden_pickaxe":1,"minecraft:wooden_axe":1,"minecraft:air":105},"minecraft:used":{"minecraft:wooden_axe":17,"minecraft:apple":2,"minecraft:bread":10,"minecraft:oak_planks":36,"minecraft:wooden_pickaxe":4,"minecraft:enchanted_book":1,"minecraft:bow":51,"minecraft:crafting_table":2,"minecraft:oak_sapling":1,"alexsmobs:animal_dictionary":1,"minecraft:acacia_sapling":1,"minecraft:stripped_spruce_log":1},"minecraft:killed_by":{"minecraft:skeleton":1},"minecraft:mined":{"minecraft:acacia_leaves":1,"untamedwilds:block_burrow":1,"minecraft:spruce_planks":2,"minecraft:mossy_cobblestone":1,"minecraft:warped_planks":1,"minecraft:warped_fence":1,"minecraft:stripped_spruce_log":1,"treechop:chopped_log":2,"minecraft:crafting_table":2,"quark:cobblestone_bricks":1,"minecraft:grass":1,"quark:framed_glass_pane":1,"minecraft:stone_bricks":1,"minecraft:spruce_slab":2,"minecraft:spawner":1},"minecraft:custom":{"minecraft:time_since_rest":4845,"minecraft:sprint_one_cm":94231,"minecraft:damage_taken":630,"minecraft:walk_one_cm":92548,"minecraft:mob_kills":17,"minecraft:drop":5,"minecraft:damage_dealt":23,"minecraft:swim_one_cm":6465,"minecraft:interact_with_crafting_table":2,"minecraft:fly_one_cm":107968,"minecraft:open_barrel":6,"minecraft:open_chest":3,"minecraft:crouch_one_cm":7074,"minecraft:deaths":1,"minecraft:play_time":24219,"minecraft:sneak_time":1765,"minecraft:walk_under_water_one_cm":497,"minecraft:jump":402,"minecraft:time_since_death":4781,"minecraft:walk_on_water_one_cm":2001,"minecraft:total_world_time":24219,"minecraft:fall_one_cm":11418},"minecraft:killed":{"minecraft:skeleton":5,"minecraft:zombie":10,"bloodandmadness:beast_patient":1}},"DataVersion":2975}