{"stat.useItem.minecraft.bow":8,"stat.pickup.iceandfire.fire_dragon_flesh":2,"stat.leaveGame":7,"stat.drop.iceandfire.armor_red_chestplate":1,"stat.craftItem.minecraft.iron_axe":2,"stat.pickup.ebwizardry.spell_book":1,"stat.drop.minecraft.red_nether_brick":37,"stat.useItem.minecraft.mutton":3,"stat.useItem.minecraft.planks":54,"stat.mineBlock.minecraft.web":2,"stat.pickup.minecraft.blaze_powder":1,"stat.pickup.iceandfire.stymphalian_bird_feather":4,"stat.drop.minecraft.iron_sword":2,"stat.pickup.minecraft.rotten_flesh":5,"stat.drop.minecraft.golden_leggings":1,"stat.drop.ebwizardry.identification_scroll":1,"stat.craftItem.minecraft.stone_axe":1,"stat.useItem.minecraft.red_nether_brick":16,"stat.pickup.iceandfire.armor_red_chestplate":1,"stat.pickup.minecraft.bucket":1,"stat.killEntity.betteranimalsplus.brownbear":1,"stat.pickup.dynamictrees.spruceseed":1,"stat.entityKilledBy.firedragon":37,"stat.killEntity.Witch":2,"stat.hopperInspected":2,"stat.useItem.minecraft.iron_pickaxe":9,"stat.craftItem.minecraft.wooden_pickaxe":1,"stat.drop.minecraft.cooked_mutton":3,"stat.craftItem.minecraft.bed":2,"stat.trappedChestTriggered":1,"stat.furnaceInteraction":27,"stat.pickup.iceandfire.dragon_skull":3,"stat.pickup.minecraft.nether_brick":3,"stat.mineBlock.ebwizardry.runestone":1,"stat.pickup.minecraft.furnace":4,"stat.useItem.minecraft.cooked_mutton":37,"stat.pickup.minecraft.hay_block":55,"stat.pickup.biomesoplenty.flower_0":2,"stat.drop.minecraft.magma":6,"stat.pickup.minecraft.iron_chestplate":1,"stat.pickup.minecraft.potion":7,"stat.drop.minecraft.nether_brick_stairs":2,"stat.useItem.minecraft.beef":7,"stat.deaths":60,"stat.playOneMinute":255962,"stat.drop.cqrepoured.scale_turtle":1,"stat.drop.minecraft.string":3,"stat.mineBlock.minecraft.stone_pressure_plate":1,"stat.killEntity.cqr_skeleton":47,"stat.useItem.minecraft.nether_brick":2,"stat.craftItem.minecraft.iron_pickaxe":1,"stat.pickup.minecraft.diamond_block":1,"stat.pickup.minecraft.iron_bars":31,"stat.drop.minecraft.glass_bottle":36,"stat.drop.minecraft.torch":1,"stat.mineBlock.minecraft.tallgrass":5,"stat.craftItem.minecraft.cooked_mutton":38,"stat.pickup.minecraft.cooked_mutton":3,"stat.chestOpened":77,"stat.useItem.minecraft.fish":3,"stat.useItem.biomesoplenty.peach":1,"stat.pickup.minecraft.iron_sword":2,"stat.pickup.minecraft.arrow":1,"stat.craftItem.iceandfire.armor_red_leggings":1,"stat.pickup.minecraft.gold_nugget":10,"stat.pickup.cqrepoured.scale_turtle":2,"stat.killEntity.betteranimalsplus.shark":1,"stat.drop.minecraft.iron_pickaxe":2,"stat.craftItem.biomesoplenty.planks_0":76,"stat.fallOneCm":119491,"stat.drop.minecraft.stone":4,"stat.pickup.minecraft.carrot":1,"stat.crouchOneCm":24335,"stat.craftItem.minecraft.diamond":9,"stat.craftItem.minecraft.iron_ingot":25,"stat.drop.minecraft.book":1,"stat.pickup.minecraft.red_mushroom":1,"stat.pickup.minecraft.golden_leggings":1,"stat.craftingTableInteraction":31,"stat.dropperInspected":1,"stat.drop.minecraft.bone":1,"stat.mineBlock.minecraft.red_nether_brick":59,"stat.pickup.iceandfire.dragonscales_red":19,"stat.mineBlock.biomesoplenty.plant_1":1,"stat.craftItem.minecraft.wooden_sword":1,"stat.mineBlock.biomesoplenty.plant_0":11,"stat.pickup.minecraft.planks":2,"stat.pickup.biomesoplenty.plant_1":1,"stat.pickup.minecraft.iron_leggings":3,"stat.pickup.minecraft.wheat_seeds":19,"stat.drop.iceandfire.fire_dragon_heart":1,"stat.drop.iceandfire.chared_gravel":1,"stat.useItem.minecraft.stone_pickaxe":150,"stat.craftItem.minecraft.iron_leggings":1,"stat.useItem.minecraft.wool":30,"stat.craftItem.iceandfire.armor_gray_boots":1,"stat.pickup.iceandfire.dragon_ice_spikes":1,"stat.mineBlock.minecraft.dirt":15,"stat.drop.minecraft.reeds":8,"stat.useItem.minecraft.iron_bars":4,"stat.drop.minecraft.iron_axe":1,"stat.useItem.minecraft.bread":51,"stat.useItem.minecraft.torch":96,"stat.mineBlock.biomesoplenty.leaves_2":2,"stat.pickup.minecraft.golden_apple":1,"stat.pickup.betteranimalsplus.boarhead_1":1,"stat.drop.minecraft.rotten_flesh":13,"stat.pickup.minecraft.crafting_table":14,"stat.useItem.minecraft.cobblestone":183,"stat.pickup.minecraft.magma":14,"stat.craftItem.minecraft.crafting_table":3,"stat.useItem.minecraft.gravel":2,"stat.pickup.minecraft.iron_hoe":1,"stat.pickup.iceandfire.weezer_blue_album":2,"stat.pickup.minecraft.log":17,"stat.drop.minecraft.stonebrick":13,"stat.pickup.minecraft.iron_pickaxe":2,"stat.drop.minecraft.carrot":1,"stat.drop.minecraft.gold_nugget":10,"stat.pickup.minecraft.chainmail_leggings":1,"stat.pickup.minecraft.sapling":3,"stat.pickup.iceandfire.dragonscales_gray":34,"stat.craftItem.minecraft.bucket":1,"stat.craftItem.minecraft.planks":104,"stat.useItem.minecraft.iron_sword":50,"stat.pickup.minecraft.book":7,"stat.useItem.minecraft.stonebrick":7,"stat.mineBlock.minecraft.log":11,"stat.pickup.iceandfire.dragonbone":11,"stat.pickup.minecraft.red_flower":1,"stat.pickup.minecraft.red_nether_brick":53,"stat.sneakTime":9677,"stat.pickup.minecraft.wool":15,"stat.drop.minecraft.bucket":2,"stat.drop.minecraft.stone_pickaxe":1,"stat.pickup.minecraft.stone_pressure_plate":2,"stat.useItem.minecraft.iron_axe":202,"stat.mineBlock.minecraft.cobblestone":25,"stat.drop.minecraft.red_mushroom":1,"stat.pickup.minecraft.flint":1,"stat.useItem.minecraft.diamond_sword":322,"stat.swimOneCm":56499,"stat.mineBlock.minecraft.diamond_block":1,"stat.climbOneCm":2115,"stat.pickup.minecraft.enchanted_book":1,"stat.drop.minecraft.cobblestone":1,"stat.useItem.minecraft.dirt":8,"stat.killEntity.betteranimalsplus.boar":3,"stat.useItem.minecraft.stone_slab2":80,"stat.pickup.minecraft.bow":1,"stat.pickup.minecraft.iron_boots":1,"stat.craftItem.minecraft.furnace":1,"stat.pickup.minecraft.anvil":6,"stat.craftItem.minecraft.stone_pickaxe":2,"stat.mineBlock.minecraft.magma":20,"stat.pickup.minecraft.cobblestone":165,"stat.mineBlock.minecraft.carpet":1,"stat.flyOneCm":836961,"stat.pickup.minecraft.glass_bottle":45,"stat.pickup.minecraft.nether_brick_stairs":2,"stat.drop.minecraft.wheat_seeds":17,"stat.mineBlock.minecraft.iron_ore":27,"stat.timeSinceDeath":222253,"stat.mineBlock.ebwizardry.arcane_workbench":1,"stat.pickup.ebwizardry.arcane_workbench":1,"stat.killEntity.Bat":1,"stat.drop.minecraft.coal":7,"stat.drop.minecraft.iron_bars":3,"stat.pickup.minecraft.nether_wart":7,"stat.pickup.minecraft.stonebrick":35,"stat.useItem.minecraft.cooked_porkchop":23,"stat.pickup.minecraft.iron_shovel":2,"stat.pickup.minecraft.carpet":3,"stat.mineBlock.minecraft.coal_ore":77,"stat.drop.minecraft.wool":5,"stat.mineBlock.minecraft.nether_brick":3,"stat.pickup.minecraft.shield":1,"stat.pickup.minecraft.string":3,"stat.craftItem.iceandfire.armor_red_chestplate":1,"stat.craftItem.minecraft.stone_slab2":0,"stat.drop.minecraft.birch_fence":4,"stat.drop.minecraft.anvil":2,"stat.sprintOneCm":771815,"stat.mineBlock.biomesoplenty.log_0":19,"stat.craftItem.minecraft.stick":32,"stat.mineBlock.biomesoplenty.grass":9,"stat.killEntity.ebwizardry:evil_wizard":6,"stat.pickup.ebwizardry.amulet_wither_immunity":3,"stat.mineBlock.minecraft.crafting_table":14,"stat.useItem.minecraft.diamond_pickaxe":312,"stat.mineBlock.minecraft.quartz_block":17,"stat.craftItem.iceandfire.armor_gray_chestplate":1,"stat.craftItem.iceandfire.armor_gray_helmet":1,"stat.entityKilledBy.Creeper":1,"stat.killEntity.ebwizardry:wizard":2,"stat.drop":118,"stat.killEntity.cyclops":1,"stat.useItem.minecraft.wooden_sword":25,"stat.killEntity.Sheep":29,"stat.pickup.tombstone.grave_key":1,"stat.craftItem.minecraft.diamond_pickaxe":1,"stat.killEntity.Zombie":40,"stat.craftItem.minecraft.diamond_axe":1,"stat.diveOneCm":41438,"stat.drop.minecraft.nether_wart":6,"stat.drop.minecraft.wooden_pickaxe":1,"stat.drop.iceandfire.dragonscales_gray":17,"stat.pickup.minecraft.gravel":5,"stat.craftItem.minecraft.cooked_porkchop":28,"stat.mineBlock.minecraft.anvil":5,"stat.useItem.minecraft.diamond_axe":68,"stat.useItem.minecraft.apple":3,"stat.killEntity.cqr_necromancer":1,"stat.useItem.minecraft.potion":12,"stat.craftItem.minecraft.diamond_sword":1,"stat.jump":7240,"stat.pickup.minecraft.coal":93,"stat.pickup.minecraft.iron_helmet":1,"stat.useItem.minecraft.stone_axe":44,"stat.pickup.iceandfire.chared_gravel":1,"stat.drop.minecraft.wooden_sword":1,"stat.craftItem.minecraft.bread":165,"stat.craftItem.minecraft.torch":104,"stat.pickup.minecraft.dirt":19,"stat.craftItem.minecraft.iron_helmet":1,"stat.drop.minecraft.iron_shovel":1,"stat.pickup.minecraft.iron_ore":25,"stat.pickup.iceandfire.fire_dragon_heart":2,"stat.mineBlock.minecraft.iron_bars":24,"stat.pickup.minecraft.iron_axe":1,"stat.brewingstandInteraction":7,"stat.damageTaken":22370,"stat.mineBlock.minecraft.furnace":3,"stat.mineBlock.minecraft.torch":6,"stat.useItem.minecraft.wooden_pickaxe":8,"stat.dispenserInspected":1,"stat.pickup.minecraft.log2":7,"stat.pickup.minecraft.reeds":8,"stat.killEntity.CaveSpider":1,"stat.pickup.minecraft.bed":8,"tombstone:undead_killed":111,"stat.pickup.minecraft.quartz_block":8,"stat.useItem.minecraft.magma":6,"stat.killEntity.cqr_giant_tortoise":1,"stat.damageDealt":37535,"stat.sleepInBed":10,"stat.mineBlock.minecraft.nether_brick_stairs":1,"stat.killEntity.Silverfish":3,"stat.killEntity.Cow":3,"stat.useItem.minecraft.crafting_table":1,"stat.killEntity.Pig":5,"stat.craftItem.minecraft.iron_sword":2,"stat.walkOneCm":693334,"stat.playerKills":2,"stat.pickup.ebwizardry.amulet_banishing":2,"stat.pickup.minecraft.stick":3,"stat.pickup.minecraft.diamond_pickaxe":1,"stat.pickup.biomesoplenty.sapling_0":1,"stat.pickup.biomesoplenty.sapling_1":1,"stat.craftItem.minecraft.wheat":495,"stat.useItem.tombstone.gift":1,"stat.pickup.minecraft.stone":16,"stat.useItem.betteranimalsplus.eel_meat_raw":3,"stat.mineBlock.minecraft.wool":5,"stat.pickup.minecraft.ladder":1,"stat.pickup.minecraft.gold_ingot":5,"stat.killEntity.Skeleton":24,"stat.pickup.biomesoplenty.log_0":19,"stat.mineBlock.minecraft.stonebrick":19,"stat.drop.minecraft.crafting_table":1,"stat.useItem.biomesoplenty.planks_0":38,"stat.killEntity.Spider":16,"stat.killEntity.stymphalianbird":1,"stat.pickup.ebwizardry.runestone":2,"stat.killEntity.betteranimalsplus.lamprey":2,"stat.craftItem.iceandfire.armor_red_boots":1,"stat.mobKills":227,"stat.entityKilledBy.hippogryph":1,"stat.pickup.minecraft.birch_fence":5,"stat.useItem.minecraft.golden_apple":2,"stat.pickup.minecraft.diamond":6,"stat.pickup.minecraft.torch":31,"stat.drop.minecraft.quartz_block":2,"stat.drop.minecraft.stone_axe":1,"stat.killEntity.firedragon":3,"stat.mineBlock.minecraft.hay_block":59,"stat.mineBlock.cqrepoured.force_field_nexus":1,"stat.mineBlock.minecraft.stone":133}