{"stats":{"minecraft:mined":{"minecraft:spruce_planks":1,"minecraft:brown_mushroom":11,"minecraft:glass_pane":1,"minecraft:clay":11,"minecraft:crafting_table":1,"minecraft:spruce_leaves":1,"minecraft:wall_torch":1,"create:mechanical_saw":3,"farmersdelight:wild_onions":5,"minecraft:furnace":1,"create:green_seat":1,"quark:spruce_post":2,"quark:spruce_ladder":1,"minecraft:sweet_berry_bush":1,"minecraft:ice":21,"quark:stick_block":4,"minecraft:spruce_log":13,"minecraft:stripped_spruce_log":1,"minecraft:pumpkin":2,"minecraft:potatoes":1,"create:hand_crank":1,"minecraft:stone":16},"minecraft:killed_by":{"untamedwilds:bear":1,"hunterillager:hunterillager":1},"minecraft:used":{"minecraft:beetroot":3,"minecraft:stone_pickaxe":38,"minecraft:wooden_shovel":11,"create:mechanical_saw":2,"minecraft:rotten_flesh":1,"minecraft:torch":2,"minecraft:crafting_table":4,"minecraft:spruce_log":1,"minecraft:stripped_spruce_log":1,"minecraft:wooden_axe":18,"minecraft:red_tulip":1,"quark:spruce_chest":4,"untamedwilds:food_bear_cooked":1,"minecraft:bread":18,"minecraft:bow":3,"minecraft:furnace":1,"create:hand_crank":1,"minecraft:egg":1,"minecraft:cooked_beef":7,"epicfight:uchigatana":42,"minecraft:experience_bottle":1},"minecraft:dropped":{"quark:spruce_post":2,"minecraft:iron_sword":2,"minecraft:rotten_flesh":1,"minecraft:leather_helmet":1,"minecraft:spruce_planks":28,"minecraft:wooden_axe":1},"minecraft:picked_up":{"minecraft:wooden_axe":1,"minecraft:wheat":2,"minecraft:crafting_table":1,"minecraft:allium":7,"minecraft:cooked_beef":2,"minecraft:clay_ball":44,"untamedwilds:hide_bear_black":3,"minecraft:leather":1,"minecraft:brown_mushroom":10,"quark:spruce_ladder":4,"minecraft:potato":1,"paraglider:spirit_orb":1,"minecraft:string":1,"untamedwilds:food_bear_raw":4,"minecraft:bone":4,"untamedwilds:material_fat":2,"minecraft:bow":3,"minecraft:spruce_planks":29,"minecraft:beef":2,"minecraft:iron_nugget":1,"create:mechanical_saw":3,"create:green_seat":1,"minecraft:furnace":1,"minecraft:egg":2,"quark:stick_block":4,"apotheosis:gem":1,"minecraft:pumpkin":2,"minecraft:sweet_berries":3,"minecraft:torch":2,"minecraft:stripped_spruce_log":2,"create:hand_crank":2,"minecraft:spruce_log":12,"quark:spruce_post":2,"untamedwilds:food_bear_cooked":2,"minecraft:arrow":38,"minecraft:rotten_flesh":1,"farmersdelight:onion":5,"minecraft:red_tulip":1,"minecraft:bread":1,"minecraft:emerald":1,"minecraft:cobblestone":16},"minecraft:killed":{"minecraft:zombie_villager":1,"minecraft:spider":1,"untamedwilds:bear":1,"minecraft:donkey":1,"simple_mobs:gob":2,"simple_mobs:goblo":1,"minecraft:enderman":1},"minecraft:custom":{"minecraft:interact_with_furnace":2,"lootr:looted_stat":4,"minecraft:mob_kills":9,"minecraft:interact_with_crafting_table":7,"minecraft:open_barrel":1,"minecraft:interact_with_campfire":4,"minecraft:leave_game":1,"minecraft:time_since_death":45096,"minecraft:sleep_in_bed":1,"minecraft:climb_one_cm":2002,"minecraft:time_since_rest":11023,"minecraft:waystone_activated":1,"champions:champion_mobs_killed":6,"minecraft:sprint_one_cm":688829,"minecraft:damage_taken":1064,"minecraft:walk_one_cm":312801,"minecraft:drop":8,"minecraft:damage_dealt":1844,"minecraft:damage_dealt_absorbed":70,"minecraft:swim_one_cm":39407,"minecraft:fly_one_cm":204341,"minecraft:open_chest":20,"minecraft:play_time":65085,"minecraft:deaths":2,"minecraft:sneak_time":89,"minecraft:walk_under_water_one_cm":6640,"minecraft:jump":713,"minecraft:walk_on_water_one_cm":12743,"minecraft:total_world_time":65085,"minecraft:fall_one_cm":6874},"minecraft:crafted":{"minecraft:brick":2,"minecraft:spruce_planks":32,"minecraft:air":68,"minecraft:bow":3}},"DataVersion":2975}