{"stats":{"minecraft:used":{"minecraft:wooden_axe":12,"minecraft:bread":6,"minecraft:dirt":3,"minecraft:cooked_porkchop":3,"minecraft:potato":22,"epicfight:uchigatana":29},"minecraft:picked_up":{"hexerei:animal_fat":1,"minecraft:birch_log":6,"minecraft:stick":5,"minecraft:potato":20,"minecraft:porkchop":8,"minecraft:oak_log":12,"minecraft:dirt":4,"dannys_expansion:yellow_spores":1,"minecraft:oak_sapling":4,"pineapple_delight:pineapple_crop":15,"minecraft:birch_sapling":3,"minecraft:stripped_dark_oak_log":13},"minecraft:crafted":{"minecraft:charcoal":6,"minecraft:cooked_porkchop":8,"minecraft:air":49},"minecraft:killed":{"minecraft:pig":4,"dannys_expansion:foamspring":1,"dannys_expansion:ghoul":1},"minecraft:custom":{"minecraft:time_since_rest":28671,"lootr:looted_stat":3,"champions:champion_mobs_killed":1,"minecraft:interact_with_furnace":20,"minecraft:sprint_one_cm":170258,"minecraft:damage_absorbed":4,"minecraft:damage_taken":569,"minecraft:walk_one_cm":202485,"minecraft:mob_kills":6,"minecraft:drop":1,"minecraft:damage_dealt":1055,"minecraft:damage_dealt_absorbed":196,"minecraft:interact_with_crafting_table":5,"minecraft:fly_one_cm":33351,"minecraft:open_barrel":3,"minecraft:crouch_one_cm":3720,"minecraft:play_time":28671,"minecraft:sneak_time":579,"minecraft:jump":259,"minecraft:leave_game":2,"minecraft:time_since_death":28671,"minecraft:walk_on_water_one_cm":4470,"minecraft:total_world_time":28671,"minecraft:fall_one_cm":4490},"minecraft:mined":{"treechop:chopped_log":3,"minecraft:grass_block":2,"minecraft:potatoes":5,"pineapple_delight:pineapple_wild_crop":15,"minecraft:oak_leaves":2},"minecraft:dropped":{"minecraft:cooked_porkchop":1}},"DataVersion":2975}