{
  "betteranimalsplus:root": {
    "criteria": {
      "tick": "2024-06-28 22:04:18 +0000"
    },
    "done": true
  },
  "tombstone:tutorial/root": {
    "criteria": {
      "auto": "2024-06-28 22:04:18 +0000"
    },
    "done": true
  },
  "iceandfire:iceandfire/root": {
    "criteria": {
      "tick": "2024-06-28 22:04:18 +0000"
    },
    "done": true
  },
  "biomesoplenty:biomesoplenty/all_biomes": {
    "criteria": {
      "grassland": "2024-06-28 22:04:18 +0000",
      "gravel_beach": "2024-06-29 02:06:24 +0000"
    },
    "done": false
  },
  "mowziesmobs:root": {
    "criteria": {
      "custom_test_name": "2024-06-28 22:04:18 +0000"
    },
    "done": true
  },
  "cqrepoured:cqr/root": {
    "criteria": {
      "tick": "2024-06-28 22:04:18 +0000"
    },
    "done": true
  }
}