{
  "idas:idas_root": {
    "criteria": {
      "always": "2024-06-27 05:18:10 +0000"
    },
    "done": true
  },
  "ba_bt:battletowers/battle_tower": {
    "criteria": {
      "crafting_table": "2024-06-27 05:26:55 +0000"
    },
    "done": true
  },
  "create:root": {
    "criteria": {
      "0": "2024-06-27 05:18:10 +0000"
    },
    "done": true
  },
  "iceandfire:iceandfire/root": {
    "criteria": {
      "tick": "2024-06-27 05:18:10 +0000"
    },
    "done": true
  },
  "minecraft:husbandry/root": {
    "criteria": {
      "consumed_item": "2024-06-27 05:21:38 +0000"
    },
    "done": true
  },
  "minecraft:story/iron_tools": {
    "criteria": {
      "iron_pickaxe": "2024-06-27 06:09:09 +0000"
    },
    "done": true
  },
  "goblinsanddungeons:goblinsanddungeons/root": {
    "criteria": {
      "tick": "2024-06-27 05:18:10 +0000"
    },
    "done": true
  },
  "minecraft:adventure/kill_a_mob": {
    "criteria": {
      "minecraft:skeleton": "2024-06-27 05:26:09 +0000"
    },
    "done": true
  },
  "paraglider:paraglider": {
    "criteria": {
      "paraglider": "2024-06-27 06:00:32 +0000"
    },
    "done": true
  },
  "minecraft:adventure/kill_all_mobs": {
    "criteria": {
      "minecraft:skeleton": "2024-06-27 05:26:09 +0000",
      "minecraft:zombie": "2024-06-27 05:26:20 +0000"
    },
    "done": false
  },
  "minecraft:story/upgrade_tools": {
    "criteria": {
      "stone_pickaxe": "2024-06-27 05:43:18 +0000"
    },
    "done": true
  },
  "alexsmobs:alexsmobs/root": {
    "criteria": {
      "useitem": "2024-06-27 05:32:35 +0000"
    },
    "done": true
  },
  "idas:labyrinth": {
    "criteria": {
      "in_labyrinth": "2024-06-27 06:35:17 +0000"
    },
    "done": true
  },
  "minecraft:story/root": {
    "criteria": {
      "crafting_table": "2024-06-27 05:26:55 +0000"
    },
    "done": true
  },
  "dungeons_arise:wda_root": {
    "criteria": {
      "WDA": "2024-06-27 05:18:10 +0000"
    },
    "done": true
  },
  "mutantmonsters:root": {
    "criteria": {
      "killed_something": "2024-06-27 05:24:48 +0000"
    },
    "done": true
  },
  "minecraft:husbandry/balanced_diet": {
    "criteria": {
      "apple": "2024-06-27 05:21:38 +0000",
      "bread": "2024-06-27 05:26:27 +0000",
      "melon_slice": "2024-06-27 06:18:56 +0000",
      "golden_carrot": "2024-06-27 06:32:18 +0000"
    },
    "done": false
  },
  "paraglider:root": {
    "criteria": {
      "crafting_table": "2024-06-27 05:26:55 +0000"
    },
    "done": true
  },
  "minecraft:story/smelt_iron": {
    "criteria": {
      "iron": "2024-06-27 06:09:00 +0000"
    },
    "done": true
  },
  "alexsmobs:alexsmobs/banana": {
    "criteria": {
      "banana": "2024-06-27 05:50:40 +0000"
    },
    "done": true
  },
  "minecraft:story/mine_stone": {
    "criteria": {
      "get_stone": "2024-06-27 05:42:59 +0000"
    },
    "done": true
  },
  "minecraft:adventure/root": {
    "criteria": {
      "killed_something": "2024-06-27 05:24:48 +0000"
    },
    "done": true
  },
  "minecraft:adventure/shoot_arrow": {
    "criteria": {
      "shot_arrow": "2024-06-27 05:24:37 +0000"
    },
    "done": true
  },
  "minecraft:adventure/adventuring_time": {
    "criteria": {
      "minecraft:beach": "2024-06-27 05:59:42 +0000",
      "minecraft:sparse_jungle": "2024-06-27 05:19:51 +0000",
      "minecraft:river": "2024-06-27 05:25:32 +0000",
      "minecraft:lukewarm_ocean": "2024-06-27 06:01:29 +0000",
      "minecraft:dripstone_caves": "2024-06-27 06:44:24 +0000",
      "minecraft:jungle": "2024-06-27 05:50:36 +0000"
    },
    "done": false
  },
  "DataVersion": 2975
}